ORDERNUMBER,QUANTITYORDERED,PRICEEACH,ORDERDATE
10107,30,95.7,2/24/2003 0:00
10121,34,81.35,5/7/2003 0:00
10134,41,94.74,7/1/2003 0:00
10145,45,83.26,8/25/2003 0:00
10159,49,100.0,10/10/2003 0:00
10168,36,96.66,10/28/2003 0:00
10180,29,86.13,11/11/2003 0:00
10188,48,100.0,11/18/2003 0:00
10201,22,98.57,12/1/2003 0:00
10211,41,100.0,1/15/2004 0:00
10223,37,100.0,2/20/2004 0:00
10237,23,100.0,4/5/2004 0:00
10251,28,100.0,5/18/2004 0:00
10263,34,100.0,6/28/2004 0:00
10275,45,92.83,7/23/2004 0:00
10285,36,100.0,8/27/2004 0:00
10299,23,100.0,9/30/2004 0:00
10309,41,100.0,10/15/2004 0:00
10318,46,94.74,11/2/2004 0:00
10329,42,100.0,11/15/2004 0:00
10341,41,100.0,11/24/2004 0:00
10361,20,72.55,12/17/2004 0:00
10375,21,34.91,2/3/2005 0:00
10388,42,76.36,3/3/2005 0:00
10403,24,100.0,4/8/2005 0:00
10417,66,100.0,5/13/2005 0:00
10103,26,100.0,1/29/2003 0:00
10112,29,100.0,3/24/2003 0:00
10126,38,100.0,5/28/2003 0:00
10140,37,100.0,7/24/2003 0:00
10150,45,100.0,9/19/2003 0:00
10163,21,100.0,10/20/2003 0:00
10174,34,100.0,11/6/2003 0:00
10183,23,100.0,11/13/2003 0:00
10194,42,100.0,11/25/2003 0:00
10206,47,100.0,12/5/2003 0:00
10215,35,100.0,1/29/2004 0:00
10228,29,100.0,3/10/2004 0:00
10245,34,100.0,5/4/2004 0:00
10258,32,100.0,6/15/2004 0:00
10270,21,100.0,7/19/2004 0:00
10280,34,100.0,8/17/2004 0:00
10291,37,100.0,9/8/2004 0:00
10304,47,100.0,10/11/2004 0:00
10312,48,100.0,10/21/2004 0:00
10322,40,100.0,11/4/2004 0:00
10333,26,100.0,11/18/2004 0:00
10347,30,100.0,11/29/2004 0:00
10357,32,100.0,12/10/2004 0:00
10369,41,100.0,1/20/2005 0:00
10381,36,100.0,2/17/2005 0:00
10391,24,100.0,3/9/2005 0:00
10411,23,100.0,5/1/2005 0:00
10424,50,100.0,5/31/2005 0:00
10107,39,99.91,2/24/2003 0:00
10120,29,96.34,4/29/2003 0:00
10134,27,100.0,7/1/2003 0:00
10145,37,100.0,8/25/2003 0:00
10159,37,100.0,10/10/2003 0:00
10168,27,100.0,10/28/2003 0:00
10180,42,100.0,11/11/2003 0:00
10188,38,96.34,11/18/2003 0:00
10201,24,100.0,12/1/2003 0:00
10210,23,100.0,1/12/2004 0:00
10223,47,100.0,2/20/2004 0:00
10236,22,100.0,4/3/2004 0:00
10251,44,100.0,5/18/2004 0:00
10263,40,100.0,6/28/2004 0:00
10275,22,100.0,7/23/2004 0:00
10285,47,100.0,8/27/2004 0:00
10298,39,96.34,9/27/2004 0:00
10308,34,100.0,10/15/2004 0:00
10318,45,100.0,11/2/2004 0:00
10329,20,100.0,11/15/2004 0:00
10339,40,68.92,11/23/2004 0:00
10361,26,51.15,12/17/2004 0:00
10374,39,100.0,2/2/2005 0:00
10388,50,44.51,3/3/2005 0:00
10402,45,100.0,4/7/2005 0:00
10417,45,100.0,5/13/2005 0:00
10107,27,100.0,2/24/2003 0:00
10120,46,100.0,4/29/2003 0:00
10134,31,100.0,7/1/2003 0:00
10145,33,100.0,8/25/2003 0:00
10159,22,100.0,10/10/2003 0:00
10168,20,100.0,10/28/2003 0:00
10180,41,100.0,11/11/2003 0:00
10188,45,100.0,11/18/2003 0:00
10201,49,100.0,12/1/2003 0:00
10210,34,100.0,1/12/2004 0:00
10223,49,100.0,2/20/2004 0:00
10237,39,100.0,4/5/2004 0:00
10251,43,100.0,5/18/2004 0:00
10263,41,100.0,6/28/2004 0:00
10275,36,100.0,7/23/2004 0:00
10285,27,100.0,8/27/2004 0:00
10299,29,100.0,9/30/2004 0:00
10308,20,100.0,10/15/2004 0:00
10318,37,100.0,11/2/2004 0:00
10329,26,100.0,11/15/2004 0:00
10339,39,76.67,11/23/2004 0:00
10362,22,100.0,1/5/2005 0:00
10374,22,100.0,2/2/2005 0:00
10388,21,86.77,3/3/2005 0:00
10403,66,100.0,4/8/2005 0:00
10417,56,100.0,5/13/2005 0:00
10105,50,100.0,2/11/2003 0:00
10119,46,100.0,4/28/2003 0:00
10129,33,100.0,6/12/2003 0:00
10143,49,100.0,8/10/2003 0:00
10155,32,100.0,10/6/2003 0:00
10167,44,100.0,10/23/2003 0:00
10178,24,100.0,11/8/2003 0:00
10186,26,100.0,11/14/2003 0:00
10197,45,100.0,11/26/2003 0:00
10209,39,100.0,1/9/2004 0:00
10222,49,100.0,2/19/2004 0:00
10248,20,100.0,5/7/2004 0:00
10261,27,100.0,6/17/2004 0:00
10273,30,100.0,7/21/2004 0:00
10283,25,100.0,8/20/2004 0:00
10295,24,100.0,9/10/2004 0:00
10307,22,100.0,10/14/2004 0:00
10316,33,100.0,11/1/2004 0:00
10325,47,64.93,11/5/2004 0:00
10337,25,48.05,11/21/2004 0:00
10350,26,75.47,12/2/2004 0:00
10359,48,54.68,12/15/2004 0:00
10373,39,100.0,1/31/2005 0:00
10384,34,100.0,2/23/2005 0:00
10395,32,100.0,3/17/2005 0:00
10400,64,100.0,4/1/2005 0:00
10414,19,100.0,5/6/2005 0:00
10103,42,100.0,1/29/2003 0:00
10114,31,100.0,4/1/2003 0:00
10126,22,100.0,5/28/2003 0:00
10140,26,100.0,7/24/2003 0:00
10150,20,100.0,9/19/2003 0:00
10164,21,100.0,10/21/2003 0:00
10175,33,100.0,11/6/2003 0:00
10183,28,100.0,11/13/2003 0:00
10194,26,100.0,11/25/2003 0:00
10207,31,100.0,12/9/2003 0:00
10217,48,100.0,2/4/2004 0:00
10229,50,100.0,3/11/2004 0:00
10245,28,100.0,5/4/2004 0:00
10259,26,100.0,6/15/2004 0:00
10270,32,100.0,7/19/2004 0:00
10281,44,100.0,8/19/2004 0:00
10291,30,100.0,9/8/2004 0:00
10305,38,100.0,10/13/2004 0:00
10313,40,100.0,10/22/2004 0:00
10322,46,61.99,11/4/2004 0:00
10334,26,100.0,11/19/2004 0:00
10347,27,100.0,11/29/2004 0:00
10357,43,100.0,12/10/2004 0:00
10370,35,65.63,1/20/2005 0:00
10381,37,100.0,2/17/2005 0:00
10391,37,46.9,3/9/2005 0:00
10411,27,100.0,5/1/2005 0:00
10425,38,100.0,5/31/2005 0:00
10108,33,100.0,3/3/2003 0:00
10122,42,100.0,5/8/2003 0:00
10135,42,100.0,7/2/2003 0:00
10147,48,100.0,9/5/2003 0:00
10159,41,100.0,10/10/2003 0:00
10169,30,100.0,11/4/2003 0:00
10181,27,100.0,11/12/2003 0:00
10191,21,100.0,11/20/2003 0:00
10203,20,100.0,12/2/2003 0:00
10211,41,100.0,1/15/2004 0:00
10225,27,100.0,2/22/2004 0:00
10238,28,100.0,4/9/2004 0:00
10253,24,100.0,6/1/2004 0:00
10266,44,100.0,7/6/2004 0:00
10276,50,100.0,8/2/2004 0:00
10287,21,100.0,8/30/2004 0:00
10300,33,100.0,10/4/2003 0:00
10310,33,100.0,10/16/2004 0:00
10320,31,100.0,11/3/2004 0:00
10329,41,71.47,11/15/2004 0:00
10341,45,79.65,11/24/2004 0:00
10363,33,85.39,1/6/2005 0:00
10375,45,76.0,2/3/2005 0:00
10389,26,99.04,3/3/2005 0:00
10419,12,100.0,5/17/2005 0:00
10105,41,100.0,2/11/2003 0:00
10117,33,100.0,4/16/2003 0:00
10127,46,100.0,6/3/2003 0:00
10142,33,100.0,8/8/2003 0:00
10153,20,100.0,9/28/2003 0:00
10165,44,100.0,10/22/2003 0:00
10176,33,100.0,11/6/2003 0:00
10185,21,100.0,11/14/2003 0:00
10196,47,100.0,11/26/2003 0:00
10208,46,100.0,1/2/2004 0:00
10220,32,100.0,2/12/2004 0:00
10231,42,100.0,3/19/2004 0:00
10247,44,100.0,5/5/2004 0:00
10272,35,100.0,7/20/2004 0:00
10282,41,100.0,8/20/2004 0:00
10293,46,100.0,9/9/2004 0:00
10306,31,100.0,10/14/2004 0:00
10314,38,100.0,10/22/2004 0:00
10325,42,64.0,11/5/2004 0:00
10336,33,57.22,11/20/2004 0:00
10348,48,52.36,11/1/2004 0:00
10359,42,100.0,12/15/2004 0:00
10371,32,100.0,1/23/2005 0:00
10382,34,100.0,2/17/2005 0:00
10395,33,69.12,3/17/2005 0:00
10413,36,100.0,5/5/2005 0:00
10103,27,100.0,1/29/2003 0:00
10113,21,100.0,3/26/2003 0:00
10126,21,100.0,5/28/2003 0:00
10140,38,100.0,7/24/2003 0:00
10150,30,100.0,9/19/2003 0:00
10164,49,100.0,10/21/2003 0:00
10174,43,100.0,11/6/2003 0:00
10183,41,100.0,11/13/2003 0:00
10194,38,100.0,11/25/2003 0:00
10206,28,100.0,12/5/2003 0:00
10216,43,100.0,2/2/2004 0:00
10229,25,100.0,3/11/2004 0:00
10245,38,100.0,5/4/2004 0:00
10258,41,100.0,6/15/2004 0:00
10270,28,100.0,7/19/2004 0:00
10281,25,100.0,8/19/2004 0:00
10291,41,100.0,9/8/2004 0:00
10304,39,100.0,10/11/2004 0:00
10313,21,100.0,10/22/2004 0:00
10322,27,100.0,11/4/2004 0:00
10333,33,99.21,11/18/2004 0:00
10347,29,100.0,11/29/2004 0:00
10357,49,100.0,12/10/2004 0:00
10370,49,100.0,1/20/2005 0:00
10381,20,100.0,2/17/2005 0:00
10391,39,63.2,3/9/2005 0:00
10411,40,100.0,5/1/2005 0:00
10424,49,100.0,5/31/2005 0:00
10107,21,100.0,2/24/2003 0:00
10121,50,100.0,5/7/2003 0:00
10134,20,100.0,7/1/2003 0:00
10145,49,100.0,8/25/2003 0:00
10159,38,100.0,10/10/2003 0:00
10169,35,100.0,11/4/2003 0:00
10180,40,100.0,11/11/2003 0:00
10189,28,100.0,11/18/2003 0:00
10201,25,100.0,12/1/2003 0:00
10211,36,100.0,1/15/2004 0:00
10224,43,100.0,2/21/2004 0:00
10237,32,100.0,4/5/2004 0:00
10251,46,100.0,5/18/2004 0:00
10263,48,100.0,6/28/2004 0:00
10276,43,100.0,8/2/2004 0:00
10285,49,100.0,8/27/2004 0:00
10299,24,100.0,9/30/2004 0:00
10309,26,100.0,10/15/2004 0:00
10319,30,100.0,11/3/2004 0:00
10329,24,100.0,11/15/2004 0:00
10341,55,100.0,11/24/2004 0:00
10362,22,100.0,1/5/2005 0:00
10375,49,78.92,2/3/2005 0:00
10388,44,100.0,3/3/2005 0:00
10403,66,100.0,4/8/2005 0:00
10417,21,100.0,5/13/2005 0:00
10104,34,100.0,1/31/2003 0:00
10117,43,100.0,4/16/2003 0:00
10127,46,100.0,6/3/2003 0:00
10142,33,100.0,8/8/2003 0:00
10153,42,100.0,9/28/2003 0:00
10165,34,100.0,10/22/2003 0:00
10176,47,100.0,11/6/2003 0:00
10185,33,100.0,11/14/2003 0:00
10196,24,100.0,11/26/2003 0:00
10208,26,100.0,1/2/2004 0:00
10220,30,100.0,2/12/2004 0:00
10230,43,100.0,3/15/2004 0:00
10247,25,100.0,5/5/2004 0:00
10272,27,100.0,7/20/2004 0:00
10282,27,100.0,8/20/2004 0:00
10293,24,100.0,9/9/2004 0:00
10306,34,100.0,10/14/2004 0:00
10314,46,100.0,10/22/2004 0:00
10324,27,54.33,11/5/2004 0:00
10336,33,100.0,11/20/2004 0:00
10348,47,100.0,11/1/2004 0:00
10358,49,55.34,12/10/2004 0:00
10372,40,100.0,1/26/2005 0:00
10382,37,100.0,2/17/2005 0:00
10413,47,100.0,5/5/2005 0:00
10108,45,100.0,3/3/2003 0:00
10122,37,99.82,5/8/2003 0:00
10135,48,100.0,7/2/2003 0:00
10147,31,100.0,9/5/2003 0:00
10160,46,100.0,10/11/2003 0:00
10170,47,100.0,11/4/2003 0:00
10181,28,100.0,11/12/2003 0:00
10191,40,100.0,11/20/2003 0:00
10203,20,100.0,12/2/2003 0:00
10212,39,100.0,1/16/2004 0:00
10225,25,99.82,2/22/2004 0:00
10238,29,100.0,4/9/2004 0:00
10253,22,100.0,6/1/2004 0:00
10266,22,100.0,7/6/2004 0:00
10276,47,100.0,8/2/2004 0:00
10287,45,100.0,8/30/2004 0:00
10300,29,100.0,10/4/2003 0:00
10310,24,100.0,10/16/2004 0:00
10320,35,100.0,11/3/2004 0:00
10329,46,83.63,11/15/2004 0:00
10341,44,95.93,11/24/2004 0:00
10363,34,96.73,1/6/2005 0:00
10376,35,100.0,2/8/2005 0:00
10389,25,72.38,3/3/2005 0:00
10419,10,100.0,5/17/2005 0:00
10105,29,100.0,2/11/2003 0:00
10117,39,100.0,4/16/2003 0:00
10127,42,100.0,6/3/2003 0:00
10142,46,100.0,8/8/2003 0:00
10153,49,100.0,9/28/2003 0:00
10165,27,100.0,10/22/2003 0:00
10176,50,100.0,11/6/2003 0:00
10185,43,100.0,11/14/2003 0:00
10196,38,100.0,11/26/2003 0:00
10208,20,100.0,1/2/2004 0:00
10220,27,100.0,2/12/2004 0:00
10231,49,100.0,3/19/2004 0:00
10247,27,100.0,5/5/2004 0:00
10272,39,100.0,7/20/2004 0:00
10282,24,100.0,8/20/2004 0:00
10293,45,100.0,9/9/2004 0:00
10306,20,100.0,10/14/2004 0:00
10314,36,100.0,10/22/2004 0:00
10325,24,100.0,11/5/2004 0:00
10336,49,63.38,11/20/2004 0:00
10349,26,100.0,12/1/2004 0:00
10359,49,62.09,12/15/2004 0:00
10372,34,100.0,1/26/2005 0:00
10382,34,95.35,2/17/2005 0:00
10396,33,100.0,3/23/2005 0:00
10413,22,100.0,5/5/2005 0:00
10108,39,89.38,3/3/2003 0:00
10122,32,63.84,5/8/2003 0:00
10135,24,75.01,7/2/2003 0:00
10147,21,63.84,9/5/2003 0:00
10159,24,73.42,10/10/2003 0:00
10169,36,63.84,11/4/2003 0:00
10181,20,81.4,11/12/2003 0:00
10191,30,64.64,11/20/2003 0:00
10203,44,82.99,12/2/2003 0:00
10211,28,92.57,1/15/2004 0:00
10225,37,77.41,2/22/2004 0:00
10238,20,74.21,4/9/2004 0:00
10253,25,90.17,6/1/2004 0:00
10266,35,76.61,7/6/2004 0:00
10276,38,83.79,8/2/2004 0:00
10287,41,69.43,8/30/2004 0:00
10300,22,76.61,10/4/2003 0:00
10310,49,81.4,10/16/2004 0:00
10320,38,73.42,11/3/2004 0:00
10329,33,100.0,11/15/2004 0:00
10341,36,93.56,11/24/2004 0:00
10363,34,81.62,1/6/2005 0:00
10377,24,67.83,2/9/2005 0:00
10389,36,70.26,3/3/2005 0:00
10419,34,90.17,5/17/2005 0:00
10104,41,100.0,1/31/2003 0:00
10115,46,100.0,4/4/2003 0:00
10127,24,100.0,6/3/2003 0:00
10141,21,100.0,8/1/2003 0:00
10151,24,100.0,9/21/2003 0:00
10165,48,100.0,10/22/2003 0:00
10175,26,100.0,11/6/2003 0:00
10184,37,100.0,11/14/2003 0:00
10195,49,100.0,11/25/2003 0:00
10207,34,99.54,12/9/2003 0:00
10219,48,100.0,2/10/2004 0:00
10229,36,100.0,3/11/2004 0:00
10246,46,100.0,5/5/2004 0:00
10259,46,100.0,6/15/2004 0:00
10271,31,97.17,7/20/2004 0:00
10281,41,100.0,8/19/2004 0:00
10292,21,100.0,9/8/2004 0:00
10305,38,100.0,10/13/2004 0:00
10314,45,100.0,10/22/2004 0:00
10324,26,58.38,11/5/2004 0:00
10336,38,100.0,11/20/2004 0:00
10349,48,100.0,12/1/2004 0:00
10358,42,64.16,12/10/2004 0:00
10371,49,35.71,1/23/2005 0:00
10382,32,66.58,2/17/2005 0:00
10412,54,100.0,5/3/2005 0:00
10425,33,100.0,5/31/2005 0:00
10108,36,100.0,3/3/2003 0:00
10122,20,100.0,5/8/2003 0:00
10135,29,97.89,7/2/2003 0:00
10147,33,97.89,9/5/2003 0:00
10160,50,100.0,10/11/2003 0:00
10170,41,100.0,11/4/2003 0:00
10181,36,100.0,11/12/2003 0:00
10192,27,100.0,11/20/2003 0:00
10203,47,100.0,12/2/2003 0:00
10212,33,100.0,1/16/2004 0:00
10225,21,100.0,2/22/2004 0:00
10239,21,93.28,4/12/2004 0:00
10253,41,100.0,6/1/2004 0:00
10266,40,100.0,7/6/2004 0:00
10277,28,100.0,8/4/2004 0:00
10287,23,100.0,8/30/2004 0:00
10300,23,100.0,10/4/2003 0:00
10310,25,100.0,10/16/2004 0:00
10321,24,100.0,11/4/2004 0:00
10329,39,64.74,11/15/2004 0:00
10341,55,75.2,11/24/2004 0:00
10363,46,88.45,1/6/2005 0:00
10377,50,100.0,2/9/2005 0:00
10389,47,100.0,3/3/2005 0:00
10405,97,93.28,4/14/2005 0:00
10419,32,100.0,5/17/2005 0:00
10103,35,100.0,1/29/2003 0:00
10113,49,100.0,3/26/2003 0:00
10126,38,100.0,5/28/2003 0:00
10140,32,100.0,7/24/2003 0:00
10150,34,100.0,9/19/2003 0:00
10164,36,99.17,10/21/2003 0:00
10174,48,93.34,11/6/2003 0:00
10183,21,96.84,11/13/2003 0:00
10194,21,93.34,11/25/2003 0:00
10206,34,100.0,12/5/2003 0:00
10215,46,100.0,1/29/2004 0:00
10228,32,100.0,3/10/2004 0:00
10245,29,100.0,5/4/2004 0:00
10258,41,100.0,6/15/2004 0:00
10270,43,96.84,7/19/2004 0:00
10280,24,100.0,8/17/2004 0:00
10291,41,100.0,9/8/2004 0:00
10304,46,98.0,10/11/2004 0:00
10312,32,100.0,10/21/2004 0:00
10322,22,100.0,11/4/2004 0:00
10333,29,40.25,11/18/2004 0:00
10347,42,49.6,11/29/2004 0:00
10357,39,98.0,12/10/2004 0:00
10370,27,100.0,1/20/2005 0:00
10381,48,98.0,2/17/2005 0:00
10391,29,85.1,3/9/2005 0:00
10411,27,100.0,5/1/2005 0:00
10424,54,100.0,5/31/2005 0:00
10109,26,100.0,3/10/2003 0:00
10122,34,100.0,5/8/2003 0:00
10136,25,100.0,7/4/2003 0:00
10148,23,100.0,9/11/2003 0:00
10161,28,100.0,10/17/2003 0:00
10171,35,100.0,11/5/2003 0:00
10181,44,100.0,11/12/2003 0:00
10192,22,100.0,11/20/2003 0:00
10204,42,100.0,12/2/2003 0:00
10212,29,100.0,1/16/2004 0:00
10225,32,100.0,2/22/2004 0:00
10240,41,100.0,4/13/2004 0:00
10253,26,100.0,6/1/2004 0:00
10266,21,100.0,7/6/2004 0:00
10278,34,100.0,8/6/2004 0:00
10287,41,100.0,8/30/2004 0:00
10301,37,100.0,10/5/2003 0:00
10310,37,100.0,10/16/2004 0:00
10321,41,100.0,11/4/2004 0:00
10331,46,100.0,11/17/2004 0:00
10342,40,100.0,11/24/2004 0:00
10356,43,97.6,12/9/2004 0:00
10365,30,87.06,1/7/2005 0:00
10377,35,100.0,2/9/2005 0:00
10390,36,93.77,3/4/2005 0:00
10406,61,100.0,4/15/2005 0:00
10419,38,100.0,5/17/2005 0:00
10102,39,100.0,1/10/2003 0:00
10111,33,99.66,3/25/2003 0:00
10125,32,100.0,5/21/2003 0:00
10139,31,100.0,7/16/2003 0:00
10149,50,100.0,9/12/2003 0:00
10162,48,91.44,10/18/2003 0:00
10173,43,100.0,11/5/2003 0:00
10182,25,87.33,11/12/2003 0:00
10193,28,100.0,11/21/2003 0:00
10205,36,100.0,12/3/2003 0:00
10215,27,89.38,1/29/2004 0:00
10227,25,100.0,3/2/2004 0:00
10244,40,100.0,4/29/2004 0:00
10256,34,95.55,6/8/2004 0:00
10280,50,100.0,8/17/2004 0:00
10289,38,100.0,9/3/2004 0:00
10304,37,95.55,10/11/2004 0:00
10312,43,89.38,10/21/2004 0:00
10322,43,86.3,11/4/2004 0:00
10332,46,95.13,11/17/2004 0:00
10346,42,36.11,11/29/2004 0:00
10356,50,50.18,12/9/2004 0:00
10369,44,100.0,1/20/2005 0:00
10380,27,93.16,2/16/2005 0:00
10391,35,100.0,3/9/2005 0:00
10422,51,95.55,5/30/2005 0:00
10102,41,50.14,1/10/2003 0:00
10111,48,49.06,3/25/2003 0:00
10126,42,54.99,5/28/2003 0:00
10139,49,43.13,7/16/2003 0:00
10149,30,58.22,9/12/2003 0:00
10162,45,51.21,10/18/2003 0:00
10173,48,44.21,11/5/2003 0:00
10182,32,54.45,11/12/2003 0:00
10193,46,53.37,11/21/2003 0:00
10205,48,63.61,12/3/2003 0:00
10215,33,43.13,1/29/2004 0:00
10227,31,48.52,3/2/2004 0:00
10244,20,58.22,4/29/2004 0:00
10256,29,51.75,6/8/2004 0:00
10280,27,57.68,8/17/2004 0:00
10289,24,56.07,9/3/2004 0:00
10304,37,48.52,10/11/2004 0:00
10312,25,44.21,10/21/2004 0:00
10322,41,57.68,11/4/2004 0:00
10332,27,89.89,11/17/2004 0:00
10347,21,58.95,11/29/2004 0:00
10356,22,72.41,12/9/2004 0:00
10369,32,98.63,1/20/2005 0:00
10381,25,52.83,2/17/2005 0:00
10391,42,100.0,3/9/2005 0:00
10422,25,51.75,5/30/2005 0:00
10110,37,100.0,3/18/2003 0:00
10123,26,100.0,5/20/2003 0:00
10137,44,99.55,7/10/2003 0:00
10148,47,100.0,9/11/2003 0:00
10161,43,100.0,10/17/2003 0:00
10172,42,100.0,11/5/2003 0:00
10181,42,100.0,11/12/2003 0:00
10192,29,100.0,11/20/2003 0:00
10204,40,100.0,12/2/2003 0:00
10212,38,100.0,1/16/2004 0:00
10226,38,100.0,2/26/2004 0:00
10241,21,100.0,4/13/2004 0:00
10253,24,100.0,6/1/2004 0:00
10266,36,100.0,7/6/2004 0:00
10278,23,100.0,8/6/2004 0:00
10288,20,100.0,9/1/2004 0:00
10301,32,100.0,10/5/2003 0:00
10311,29,100.0,10/16/2004 0:00
10321,44,100.0,11/4/2004 0:00
10331,44,100.0,11/17/2004 0:00
10343,36,100.0,11/24/2004 0:00
10367,49,56.3,1/12/2005 0:00
10378,34,42.64,2/10/2005 0:00
10407,59,100.0,4/22/2005 0:00
10419,37,100.0,5/17/2005 0:00
10106,36,100.0,2/17/2003 0:00
10119,43,100.0,4/28/2003 0:00
10131,21,100.0,6/16/2003 0:00
10143,32,100.0,8/10/2003 0:00
10155,38,100.0,10/6/2003 0:00
10167,43,100.0,10/23/2003 0:00
10178,42,100.0,11/8/2003 0:00
10186,32,100.0,11/14/2003 0:00
10198,42,100.0,11/27/2003 0:00
10210,31,100.0,1/12/2004 0:00
10222,49,100.0,2/19/2004 0:00
10250,45,100.0,5/11/2004 0:00
10262,49,100.0,6/24/2004 0:00
10274,41,100.0,7/21/2004 0:00
10284,45,100.0,8/21/2004 0:00
10296,36,100.0,9/15/2004 0:00
10307,39,100.0,10/14/2004 0:00
10316,27,100.0,11/1/2004 0:00
10327,25,100.0,11/10/2004 0:00
10338,41,100.0,11/22/2004 0:00
10351,39,99.52,12/3/2004 0:00
10373,28,57.55,1/31/2005 0:00
10386,25,54.57,3/1/2005 0:00
10398,33,100.0,3/30/2005 0:00
10400,34,100.0,4/1/2005 0:00
10416,24,100.0,5/10/2005 0:00
10100,30,100.0,1/6/2003 0:00
10110,42,100.0,3/18/2003 0:00
10124,21,100.0,5/21/2003 0:00
10149,34,100.0,9/12/2003 0:00
10162,29,100.0,10/18/2003 0:00
10173,24,100.0,11/5/2003 0:00
10182,44,100.0,11/12/2003 0:00
10193,21,100.0,11/21/2003 0:00
10204,33,100.0,12/2/2003 0:00
10214,30,100.0,1/26/2004 0:00
10227,26,100.0,3/2/2004 0:00
10241,41,100.0,4/13/2004 0:00
10280,26,100.0,8/17/2004 0:00
10288,32,100.0,9/1/2004 0:00
10302,43,100.0,10/6/2003 0:00
10312,48,100.0,10/21/2004 0:00
10331,44,74.04,11/17/2004 0:00
10344,45,100.0,11/25/2004 0:00
10367,37,100.0,1/12/2005 0:00
10379,39,100.0,2/10/2005 0:00
10407,76,100.0,4/22/2005 0:00
10420,37,100.0,5/29/2005 0:00
10108,38,82.39,3/3/2003 0:00
10122,43,72.38,5/8/2003 0:00
10135,48,79.31,7/2/2003 0:00
10147,26,82.39,9/5/2003 0:00
10160,38,88.55,10/11/2003 0:00
10170,20,63.14,11/4/2003 0:00
10181,22,73.92,11/12/2003 0:00
10192,45,90.86,11/20/2003 0:00
10203,45,85.47,12/2/2003 0:00
10212,20,66.99,1/16/2004 0:00
10225,47,64.68,2/22/2004 0:00
10239,46,73.92,4/12/2004 0:00
10253,23,83.93,6/1/2004 0:00
10266,33,74.69,7/6/2004 0:00
10278,29,90.86,8/6/2004 0:00
10287,44,82.39,8/30/2004 0:00
10300,41,92.4,10/4/2003 0:00
10310,20,91.63,10/16/2004 0:00
10321,37,78.54,11/4/2004 0:00
10329,29,100.0,11/15/2004 0:00
10342,55,65.45,11/24/2004 0:00
10363,22,100.0,1/6/2005 0:00
10377,31,67.76,2/9/2005 0:00
10389,49,79.22,3/3/2005 0:00
10405,61,73.92,4/14/2005 0:00
10419,39,83.93,5/17/2005 0:00
10109,38,100.0,3/10/2003 0:00
10122,31,100.0,5/8/2003 0:00
10136,36,100.0,7/4/2003 0:00
10148,25,100.0,9/11/2003 0:00
10161,48,100.0,10/17/2003 0:00
10171,35,100.0,11/5/2003 0:00
10181,21,100.0,11/12/2003 0:00
10192,47,100.0,11/20/2003 0:00
10204,38,100.0,12/2/2003 0:00
10212,41,100.0,1/16/2004 0:00
10226,24,100.0,2/26/2004 0:00
10240,37,100.0,4/13/2004 0:00
10253,33,100.0,6/1/2004 0:00
10266,49,100.0,7/6/2004 0:00
10278,29,100.0,8/6/2004 0:00
10287,24,100.0,8/30/2004 0:00
10301,47,100.0,10/5/2003 0:00
10310,24,100.0,10/16/2004 0:00
10321,25,100.0,11/4/2004 0:00
10331,30,32.47,11/17/2004 0:00
10342,22,100.0,11/24/2004 0:00
10356,27,64.69,12/9/2004 0:00
10366,34,100.0,1/10/2005 0:00
10377,36,100.0,2/9/2005 0:00
10390,34,43.05,3/4/2005 0:00
10406,48,100.0,4/15/2005 0:00
10419,34,100.0,5/17/2005 0:00
10104,24,100.0,1/31/2003 0:00
10115,46,100.0,4/4/2003 0:00
10127,45,100.0,6/3/2003 0:00
10141,39,100.0,8/1/2003 0:00
10151,43,100.0,9/21/2003 0:00
10165,29,100.0,10/22/2003 0:00
10176,20,100.0,11/6/2003 0:00
10184,46,100.0,11/14/2003 0:00
10195,27,100.0,11/25/2003 0:00
10207,44,100.0,12/9/2003 0:00
10219,43,100.0,2/10/2004 0:00
10230,49,100.0,3/15/2004 0:00
10246,40,100.0,5/5/2004 0:00
10259,30,100.0,6/15/2004 0:00
10271,50,100.0,7/20/2004 0:00
10282,23,100.0,8/20/2004 0:00
10292,26,100.0,9/8/2004 0:00
10305,27,100.0,10/13/2004 0:00
10314,42,100.0,10/22/2004 0:00
10324,47,100.0,11/5/2004 0:00
10336,49,100.0,11/20/2004 0:00
10349,38,100.0,12/1/2004 0:00
10358,20,100.0,12/10/2004 0:00
10371,25,100.0,1/23/2005 0:00
10382,25,88.0,2/17/2005 0:00
10412,41,100.0,5/3/2005 0:00
10425,28,100.0,5/31/2005 0:00
10100,50,67.8,1/6/2003 0:00
10110,32,50.25,3/18/2003 0:00
10124,42,53.88,5/21/2003 0:00
10149,24,62.36,9/12/2003 0:00
10162,27,69.62,10/18/2003 0:00
10173,26,57.51,11/5/2003 0:00
10182,38,61.15,11/12/2003 0:00
10193,42,59.33,11/21/2003 0:00
10204,23,71.44,12/2/2003 0:00
10214,21,62.96,1/26/2004 0:00
10227,28,50.85,3/2/2004 0:00
10241,33,72.65,4/13/2004 0:00
10280,25,62.96,8/17/2004 0:00
10288,28,61.75,9/1/2004 0:00
10303,46,49.04,10/6/2004 0:00
10312,30,61.15,10/21/2004 0:00
10332,38,84.25,11/17/2004 0:00
10344,40,56.91,11/25/2004 0:00
10367,45,100.0,1/12/2005 0:00
10379,27,49.3,2/10/2005 0:00
10407,42,72.65,4/22/2005 0:00
10420,36,63.57,5/29/2005 0:00
10104,29,100.0,1/31/2003 0:00
10114,39,100.0,4/1/2003 0:00
10127,45,100.0,6/3/2003 0:00
10141,47,100.0,8/1/2003 0:00
10151,49,100.0,9/21/2003 0:00
10165,46,100.0,10/22/2003 0:00
10175,48,100.0,11/6/2003 0:00
10184,46,100.0,11/14/2003 0:00
10195,35,100.0,11/25/2003 0:00
10207,43,100.0,12/9/2003 0:00
10229,26,100.0,3/11/2004 0:00
10246,22,98.18,5/5/2004 0:00
10259,34,99.41,6/15/2004 0:00
10271,50,100.0,7/20/2004 0:00
10281,48,100.0,8/19/2004 0:00
10292,41,100.0,9/8/2004 0:00
10305,36,100.0,10/13/2004 0:00
10313,29,100.0,10/22/2004 0:00
10324,33,37.48,11/5/2004 0:00
10334,46,100.0,11/19/2004 0:00
10349,38,100.0,12/1/2004 0:00
10358,20,36.42,12/10/2004 0:00
10370,22,100.0,1/20/2005 0:00
10383,27,100.0,2/22/2005 0:00
10412,56,98.18,5/3/2005 0:00
10425,38,99.41,5/31/2005 0:00
10101,25,100.0,1/9/2003 0:00
10110,33,100.0,3/18/2003 0:00
10124,42,100.0,5/21/2003 0:00
10149,33,100.0,9/12/2003 0:00
10162,38,100.0,10/18/2003 0:00
10173,31,100.0,11/5/2003 0:00
10182,20,100.0,11/12/2003 0:00
10193,44,100.0,11/21/2003 0:00
10204,26,100.0,12/2/2003 0:00
10214,27,100.0,1/26/2004 0:00
10227,46,100.0,3/2/2004 0:00
10243,47,100.0,4/26/2004 0:00
10280,37,100.0,8/17/2004 0:00
10288,31,100.0,9/1/2004 0:00
10304,24,100.0,10/11/2004 0:00
10312,31,100.0,10/21/2004 0:00
10322,50,100.0,11/4/2004 0:00
10332,35,64.69,11/17/2004 0:00
10344,30,100.0,11/25/2004 0:00
10356,29,100.0,12/9/2004 0:00
10367,27,100.0,1/12/2005 0:00
10380,40,100.0,2/16/2005 0:00
10390,31,98.99,3/4/2005 0:00
10409,6,100.0,4/23/2005 0:00
10420,45,100.0,5/29/2005 0:00
10103,22,54.09,1/29/2003 0:00
10114,45,68.67,4/1/2003 0:00
10126,43,65.02,5/28/2003 0:00
10140,46,61.99,7/24/2003 0:00
10151,39,69.28,9/21/2003 0:00
10165,31,71.1,10/22/2003 0:00
10175,41,69.28,11/6/2003 0:00
10184,44,60.16,11/14/2003 0:00
10194,45,70.49,11/25/2003 0:00
10207,37,69.89,12/9/2003 0:00
10217,35,61.38,2/4/2004 0:00
10229,28,59.55,3/11/2004 0:00
10246,30,61.99,5/5/2004 0:00
10259,30,49.22,6/15/2004 0:00
10271,25,69.28,7/20/2004 0:00
10281,29,57.73,8/19/2004 0:00
10291,26,57.73,9/8/2004 0:00
10305,41,53.48,10/13/2004 0:00
10313,34,52.87,10/22/2004 0:00
10322,35,61.21,11/4/2004 0:00
10334,34,61.38,11/19/2004 0:00
10347,50,100.0,11/29/2004 0:00
10357,41,61.99,12/10/2004 0:00
10370,22,96.86,1/20/2005 0:00
10381,35,48.62,2/17/2005 0:00
10391,44,38.5,3/9/2005 0:00
10412,47,61.99,5/3/2005 0:00
10425,19,49.22,5/31/2005 0:00
10106,34,90.39,2/17/2003 0:00
10120,29,71.81,4/29/2003 0:00
10133,49,69.27,6/27/2003 0:00
10145,30,85.32,8/25/2003 0:00
10168,21,70.96,10/28/2003 0:00
10210,50,76.88,1/12/2004 0:00
10223,47,100.0,2/20/2004 0:00
10235,24,76.03,4/2/2004 0:00
10250,27,98.84,5/11/2004 0:00
10263,33,86.17,6/28/2004 0:00
10275,35,90.39,7/23/2004 0:00
10284,31,71.81,8/21/2004 0:00
10297,25,82.79,9/16/2004 0:00
10308,27,82.79,10/15/2004 0:00
10318,31,100.0,11/2/2004 0:00
10327,45,100.0,11/10/2004 0:00
10339,27,100.0,11/23/2004 0:00
10353,27,100.0,12/4/2004 0:00
10374,42,69.27,2/2/2005 0:00
10386,21,74.77,3/1/2005 0:00
10398,34,76.88,3/30/2005 0:00
10401,42,76.03,4/3/2005 0:00
10416,15,98.84,5/10/2005 0:00
10107,29,70.87,2/24/2003 0:00
10120,46,58.15,4/29/2003 0:00
10134,30,61.78,7/1/2003 0:00
10145,30,49.67,8/25/2003 0:00
10159,42,51.48,10/10/2003 0:00
10168,46,61.18,10/28/2003 0:00
10180,25,64.2,11/11/2003 0:00
10188,32,65.42,11/18/2003 0:00
10201,30,64.81,12/1/2003 0:00
10210,40,49.67,1/12/2004 0:00
10223,28,60.57,2/20/2004 0:00
10236,23,55.72,4/3/2004 0:00
10251,29,61.18,5/18/2004 0:00
10263,34,58.75,6/28/2004 0:00
10275,37,63.6,7/23/2004 0:00
10285,20,49.06,8/27/2004 0:00
10298,32,48.46,9/27/2004 0:00
10308,34,52.09,10/15/2004 0:00
10318,42,52.7,11/2/2004 0:00
10329,38,100.0,11/15/2004 0:00
10339,30,62.16,11/23/2004 0:00
10362,23,49.67,1/5/2005 0:00
10374,22,53.3,2/2/2005 0:00
10389,39,100.0,3/3/2005 0:00
10402,55,55.72,4/7/2005 0:00
10417,36,61.18,5/13/2005 0:00
10101,26,100.0,1/9/2003 0:00
10110,31,100.0,3/18/2003 0:00
10125,34,100.0,5/21/2003 0:00
10139,41,100.0,7/16/2003 0:00
10149,23,100.0,9/12/2003 0:00
10162,48,100.0,10/18/2003 0:00
10173,22,100.0,11/5/2003 0:00
10182,21,100.0,11/12/2003 0:00
10193,22,100.0,11/21/2003 0:00
10205,40,100.0,12/3/2003 0:00
10214,50,100.0,1/26/2004 0:00
10227,29,100.0,3/2/2004 0:00
10244,43,100.0,4/29/2004 0:00
10255,24,100.0,6/4/2004 0:00
10280,22,100.0,8/17/2004 0:00
10289,43,100.0,9/3/2004 0:00
10304,20,100.0,10/11/2004 0:00
10312,25,100.0,10/21/2004 0:00
10322,36,100.0,11/4/2004 0:00
10332,24,52.67,11/17/2004 0:00
10347,21,100.0,11/29/2004 0:00
10356,30,100.0,12/9/2004 0:00
10367,32,94.79,1/12/2005 0:00
10380,21,47.18,2/16/2005 0:00
10390,26,78.11,3/4/2005 0:00
10421,35,100.0,5/29/2005 0:00
10109,26,100.0,3/10/2003 0:00
10123,46,100.0,5/20/2003 0:00
10137,37,100.0,7/10/2003 0:00
10148,27,100.0,9/11/2003 0:00
10161,23,100.0,10/17/2003 0:00
10172,39,100.0,11/5/2003 0:00
10181,27,100.0,11/12/2003 0:00
10192,38,100.0,11/20/2003 0:00
10204,27,100.0,12/2/2003 0:00
10212,40,100.0,1/16/2004 0:00
10226,24,100.0,2/26/2004 0:00
10241,44,100.0,4/13/2004 0:00
10253,37,100.0,6/1/2004 0:00
10266,20,100.0,7/6/2004 0:00
10278,39,100.0,8/6/2004 0:00
10287,44,100.0,8/30/2004 0:00
10301,22,100.0,10/5/2003 0:00
10311,43,100.0,10/16/2004 0:00
10321,27,100.0,11/4/2004 0:00
10331,26,64.9,11/17/2004 0:00
10343,25,52.32,11/24/2004 0:00
10366,49,100.0,1/10/2005 0:00
10379,29,100.0,2/10/2005 0:00
10407,41,100.0,4/22/2005 0:00
10419,55,100.0,5/17/2005 0:00
10103,27,83.07,1/29/2003 0:00
10112,23,100.0,3/24/2003 0:00
10126,31,90.17,5/28/2003 0:00
10139,46,100.0,7/16/2003 0:00
10150,47,91.18,9/19/2003 0:00
10163,31,100.0,10/20/2003 0:00
10174,46,100.0,11/6/2003 0:00
10183,37,89.15,11/13/2003 0:00
10193,28,93.21,11/21/2003 0:00
10206,37,90.17,12/5/2003 0:00
10215,49,100.0,1/29/2004 0:00
10228,24,100.0,3/10/2004 0:00
10244,30,100.0,4/29/2004 0:00
10257,50,88.14,6/14/2004 0:00
10270,31,96.24,7/19/2004 0:00
10280,46,100.0,8/17/2004 0:00
10291,47,100.0,9/8/2004 0:00
10304,46,100.0,10/11/2004 0:00
10312,37,100.0,10/21/2004 0:00
10322,33,100.0,11/4/2004 0:00
10333,31,90.17,11/18/2004 0:00
10347,48,100.0,11/29/2004 0:00
10357,41,87.13,12/10/2004 0:00
10369,42,100.0,1/20/2005 0:00
10381,41,100.0,2/17/2005 0:00
10391,32,45.25,3/9/2005 0:00
10423,10,88.14,5/30/2005 0:00
10103,35,57.46,1/29/2003 0:00
10111,28,64.33,3/25/2003 0:00
10126,46,73.7,5/28/2003 0:00
10139,20,71.2,7/16/2003 0:00
10150,30,49.97,9/19/2003 0:00
10163,48,69.96,10/20/2003 0:00
10173,28,53.72,11/5/2003 0:00
10183,39,68.08,11/13/2003 0:00
10193,24,51.84,11/21/2003 0:00
10206,28,67.46,12/5/2003 0:00
10215,31,58.71,1/29/2004 0:00
10228,45,63.71,3/10/2004 0:00
10244,24,58.09,4/29/2004 0:00
10257,49,53.72,6/14/2004 0:00
10269,32,63.08,7/16/2004 0:00
10280,43,68.71,8/17/2004 0:00
10291,37,50.59,9/8/2004 0:00
10304,24,64.96,10/11/2004 0:00
10312,35,53.72,10/21/2004 0:00
10322,41,29.87,11/4/2004 0:00
10332,26,100.0,11/17/2004 0:00
10347,34,64.96,11/29/2004 0:00
10357,49,70.58,12/10/2004 0:00
10369,28,44.21,1/20/2005 0:00
10381,40,68.08,2/17/2005 0:00
10392,37,59.96,3/10/2005 0:00
10423,31,53.72,5/30/2005 0:00
10106,41,83.44,2/17/2003 0:00
10119,21,89.46,4/28/2003 0:00
10130,40,96.34,6/16/2003 0:00
10143,46,74.84,8/10/2003 0:00
10155,44,79.14,10/6/2003 0:00
10167,46,73.12,10/23/2003 0:00
10178,41,81.72,11/8/2003 0:00
10186,32,89.46,11/14/2003 0:00
10197,46,87.74,11/26/2003 0:00
10209,28,100.0,1/9/2004 0:00
10222,49,94.62,2/19/2004 0:00
10248,21,73.98,5/7/2004 0:00
10262,32,84.3,6/24/2004 0:00
10273,34,98.06,7/21/2004 0:00
10283,21,98.06,8/20/2004 0:00
10296,21,96.34,9/15/2004 0:00
10307,31,83.44,10/14/2004 0:00
10316,21,94.62,11/1/2004 0:00
10327,25,45.86,11/10/2004 0:00
10338,28,82.58,11/22/2004 0:00
10350,43,64.97,12/2/2004 0:00
10373,22,86.74,1/31/2005 0:00
10386,37,93.01,3/1/2005 0:00
10398,28,72.26,3/30/2005 0:00
10400,30,74.84,4/1/2005 0:00
10414,44,73.98,5/6/2005 0:00
10103,25,100.0,1/29/2003 0:00
10111,43,100.0,3/25/2003 0:00
10126,30,97.39,5/28/2003 0:00
10139,20,90.06,7/16/2003 0:00
10150,26,100.0,9/19/2003 0:00
10163,40,100.0,10/20/2003 0:00
10173,31,89.01,11/5/2003 0:00
10183,22,100.0,11/13/2003 0:00
10193,23,100.0,11/21/2003 0:00
10206,30,100.0,12/5/2003 0:00
10215,49,100.0,1/29/2004 0:00
10228,31,100.0,3/10/2004 0:00
10244,29,100.0,4/29/2004 0:00
10257,37,84.82,6/14/2004 0:00
10270,38,100.0,7/19/2004 0:00
10280,29,100.0,8/17/2004 0:00
10291,23,100.0,9/8/2004 0:00
10304,26,85.87,10/11/2004 0:00
10312,38,100.0,10/21/2004 0:00
10322,48,47.04,11/4/2004 0:00
10332,40,39.8,11/17/2004 0:00
10347,45,100.0,11/29/2004 0:00
10357,44,100.0,12/10/2004 0:00
10369,21,94.22,1/20/2005 0:00
10381,35,100.0,2/17/2005 0:00
10392,29,86.92,3/10/2005 0:00
10423,21,84.82,5/30/2005 0:00
10105,22,100.0,2/11/2003 0:00
10117,26,100.0,4/16/2003 0:00
10128,41,100.0,6/6/2003 0:00
10142,47,100.0,8/8/2003 0:00
10153,31,100.0,9/28/2003 0:00
10166,43,100.0,10/21/2003 0:00
10177,23,100.0,11/7/2003 0:00
10185,28,100.0,11/14/2003 0:00
10196,49,100.0,11/26/2003 0:00
10208,24,100.0,1/2/2004 0:00
10221,33,100.0,2/18/2004 0:00
10232,22,100.0,3/20/2004 0:00
10248,32,100.0,5/7/2004 0:00
10273,40,100.0,7/21/2004 0:00
10282,43,100.0,8/20/2004 0:00
10293,24,100.0,9/9/2004 0:00
10306,32,100.0,10/14/2004 0:00
10314,20,100.0,10/22/2004 0:00
10325,24,69.12,11/5/2004 0:00
10336,48,100.0,11/20/2004 0:00
10350,44,100.0,12/2/2004 0:00
10372,28,100.0,1/26/2005 0:00
10383,24,61.52,2/22/2005 0:00
10396,33,100.0,3/23/2005 0:00
10414,41,100.0,5/6/2005 0:00
10104,23,100.0,1/31/2003 0:00
10109,46,100.0,3/10/2003 0:00
10114,48,100.0,4/1/2003 0:00
10122,25,100.0,5/8/2003 0:00
10127,22,100.0,6/3/2003 0:00
10136,41,100.0,7/4/2003 0:00
10141,34,100.0,8/1/2003 0:00
10148,32,100.0,9/11/2003 0:00
10151,21,100.0,9/21/2003 0:00
10160,20,100.0,10/11/2003 0:00
10165,47,100.0,10/22/2003 0:00
10171,39,100.0,11/5/2003 0:00
10175,29,100.0,11/6/2003 0:00
10181,45,100.0,11/12/2003 0:00
10184,28,100.0,11/14/2003 0:00
10192,26,100.0,11/20/2003 0:00
10195,50,100.0,11/25/2003 0:00
10203,48,100.0,12/2/2003 0:00
10207,25,100.0,12/9/2003 0:00
10212,40,100.0,1/16/2004 0:00
10225,43,100.0,2/22/2004 0:00
10229,22,100.0,3/11/2004 0:00
10239,47,100.0,4/12/2004 0:00
10246,36,100.0,5/5/2004 0:00
10253,40,100.0,6/1/2004 0:00
10259,27,100.0,6/15/2004 0:00
10266,29,100.0,7/6/2004 0:00
10271,20,100.0,7/20/2004 0:00
10278,42,100.0,8/6/2004 0:00
10281,25,100.0,8/19/2004 0:00
10287,36,100.0,8/30/2004 0:00
10292,21,100.0,9/8/2004 0:00
10301,23,100.0,10/5/2003 0:00
10305,37,100.0,10/13/2004 0:00
10310,48,100.0,10/16/2004 0:00
10313,25,100.0,10/22/2004 0:00
10321,33,100.0,11/4/2004 0:00
10324,27,100.0,11/5/2004 0:00
10331,27,100.0,11/17/2004 0:00
10334,20,100.0,11/19/2004 0:00
10342,30,100.0,11/24/2004 0:00
10349,48,100.0,12/1/2004 0:00
10358,32,93.49,12/10/2004 0:00
10366,34,100.0,1/10/2005 0:00
10370,27,56.85,1/20/2005 0:00
10377,39,100.0,2/9/2005 0:00
10383,47,100.0,2/22/2005 0:00
10394,22,100.0,3/15/2005 0:00
10405,55,100.0,4/14/2005 0:00
10412,60,100.0,5/3/2005 0:00
10419,35,100.0,5/17/2005 0:00
10425,28,100.0,5/31/2005 0:00
10105,38,100.0,2/11/2003 0:00
10117,21,95.8,4/16/2003 0:00
10128,41,100.0,6/6/2003 0:00
10142,22,97.81,8/8/2003 0:00
10153,29,88.74,9/28/2003 0:00
10165,50,100.0,10/22/2003 0:00
10177,29,100.0,11/7/2003 0:00
10185,49,80.67,11/14/2003 0:00
10196,35,100.0,11/26/2003 0:00
10208,48,100.0,1/2/2004 0:00
10221,23,80.67,2/18/2004 0:00
10232,48,95.8,3/20/2004 0:00
10248,42,100.0,5/7/2004 0:00
10273,47,100.0,7/21/2004 0:00
10282,36,100.0,8/20/2004 0:00
10293,22,100.0,9/9/2004 0:00
10306,40,91.76,10/14/2004 0:00
10314,23,100.0,10/22/2004 0:00
10326,32,100.0,11/9/2004 0:00
10336,21,100.0,11/20/2004 0:00
10350,41,93.04,12/2/2004 0:00
10372,25,84.71,1/26/2005 0:00
10383,26,100.0,2/22/2005 0:00
10396,24,89.75,3/23/2005 0:00
10414,48,100.0,5/6/2005 0:00
10108,26,68.35,3/3/2003 0:00
10122,21,73.17,5/8/2003 0:00
10135,45,78.0,7/2/2003 0:00
10147,36,86.04,9/5/2003 0:00
10159,21,81.21,10/10/2003 0:00
10169,32,70.76,11/4/2003 0:00
10181,30,82.82,11/12/2003 0:00
10191,36,94.88,11/20/2003 0:00
10203,33,86.04,12/2/2003 0:00
10211,35,78.0,1/15/2004 0:00
10225,37,95.69,2/22/2004 0:00
10238,41,73.17,4/9/2004 0:00
10252,20,76.39,5/26/2004 0:00
10265,45,86.84,7/2/2004 0:00
10276,38,69.96,8/2/2004 0:00
10287,43,70.76,8/30/2004 0:00
10300,49,78.8,10/4/2003 0:00
10310,27,80.41,10/16/2004 0:00
10319,46,73.98,11/3/2004 0:00
10329,38,59.1,11/15/2004 0:00
10342,25,66.74,11/24/2004 0:00
10363,46,60.3,1/6/2005 0:00
10378,22,100.0,2/10/2005 0:00
10390,40,100.0,3/4/2005 0:00
10103,46,100.0,1/29/2003 0:00
10111,39,100.0,3/25/2003 0:00
10126,38,82.34,5/28/2003 0:00
10139,30,100.0,7/16/2003 0:00
10149,42,94.25,9/12/2003 0:00
10163,43,100.0,10/20/2003 0:00
10173,29,95.24,11/5/2003 0:00
10182,33,86.31,11/12/2003 0:00
10193,32,79.37,11/21/2003 0:00
10206,28,87.3,12/5/2003 0:00
10215,41,100.0,1/29/2004 0:00
10227,33,100.0,3/2/2004 0:00
10244,36,84.33,4/29/2004 0:00
10257,26,89.29,6/14/2004 0:00
10280,34,100.0,8/17/2004 0:00
10290,26,96.23,9/7/2004 0:00
10304,38,100.0,10/11/2004 0:00
10312,33,100.0,10/21/2004 0:00
10323,33,91.27,11/5/2004 0:00
10333,46,100.0,11/18/2004 0:00
10347,26,100.0,11/29/2004 0:00
10357,25,100.0,12/10/2004 0:00
10369,45,73.08,1/20/2005 0:00
10382,50,100.0,2/17/2005 0:00
10392,36,100.0,3/10/2005 0:00
10423,21,89.29,5/30/2005 0:00
10108,29,100.0,3/3/2003 0:00
10122,21,100.0,5/8/2003 0:00
10135,42,100.0,7/2/2003 0:00
10147,37,100.0,9/5/2003 0:00
10159,25,100.0,10/10/2003 0:00
10169,36,100.0,11/4/2003 0:00
10181,22,100.0,11/12/2003 0:00
10191,23,100.0,11/20/2003 0:00
10203,32,100.0,12/2/2003 0:00
10211,28,100.0,1/15/2004 0:00
10225,27,100.0,2/22/2004 0:00
10238,49,100.0,4/9/2004 0:00
10252,41,100.0,5/26/2004 0:00
10265,49,100.0,7/2/2004 0:00
10276,30,100.0,8/2/2004 0:00
10287,40,100.0,8/30/2004 0:00
10300,23,100.0,10/4/2003 0:00
10310,49,100.0,10/16/2004 0:00
10320,25,100.0,11/3/2004 0:00
10330,37,100.0,11/16/2004 0:00
10342,55,100.0,11/24/2004 0:00
10355,23,100.0,12/7/2004 0:00
10363,24,100.0,1/6/2005 0:00
10378,43,96.49,2/10/2005 0:00
10390,50,100.0,3/4/2005 0:00
10109,47,100.0,3/10/2003 0:00
10123,34,100.0,5/20/2003 0:00
10137,31,100.0,7/10/2003 0:00
10148,28,100.0,9/11/2003 0:00
10161,36,100.0,10/17/2003 0:00
10172,48,100.0,11/5/2003 0:00
10181,39,100.0,11/12/2003 0:00
10192,45,100.0,11/20/2003 0:00
10204,35,100.0,12/2/2003 0:00
10212,45,100.0,1/16/2004 0:00
10226,46,100.0,2/26/2004 0:00
10240,37,100.0,4/13/2004 0:00
10253,31,100.0,6/1/2004 0:00
10266,33,100.0,7/6/2004 0:00
10278,31,100.0,8/6/2004 0:00
10287,27,100.0,8/30/2004 0:00
10301,39,100.0,10/5/2003 0:00
10311,32,100.0,10/16/2004 0:00
10321,28,100.0,11/4/2004 0:00
10331,26,67.91,11/17/2004 0:00
10343,44,84.88,11/24/2004 0:00
10367,46,100.0,1/12/2005 0:00
10379,32,70.83,2/10/2005 0:00
10406,65,100.0,4/15/2005 0:00
10419,43,100.0,5/17/2005 0:00
10108,43,67.77,3/3/2003 0:00
10122,35,49.74,5/8/2003 0:00
10135,45,50.36,7/2/2003 0:00
10146,47,67.14,9/3/2003 0:00
10159,21,64.66,10/10/2003 0:00
10169,38,68.39,11/4/2003 0:00
10180,21,50.36,11/11/2003 0:00
10191,43,72.74,11/20/2003 0:00
10211,46,54.09,1/15/2004 0:00
10224,38,58.44,2/21/2004 0:00
10237,26,52.22,4/5/2004 0:00
10252,31,52.84,5/26/2004 0:00
10264,48,54.71,6/30/2004 0:00
10276,33,50.36,8/2/2004 0:00
10286,38,57.2,8/28/2004 0:00
10299,39,55.95,9/30/2004 0:00
10310,42,67.14,10/16/2004 0:00
10319,44,59.06,11/3/2004 0:00
10330,29,69.63,11/16/2004 0:00
10342,26,55.95,11/24/2004 0:00
10355,31,53.47,12/7/2004 0:00
10363,32,89.12,1/6/2005 0:00
10378,28,100.0,2/10/2005 0:00
10390,36,100.0,3/4/2005 0:00
10403,36,52.22,4/8/2005 0:00
10106,41,100.0,2/17/2003 0:00
10119,27,99.52,4/28/2003 0:00
10130,33,100.0,6/16/2003 0:00
10143,34,100.0,8/10/2003 0:00
10155,29,100.0,10/6/2003 0:00
10167,34,100.0,10/23/2003 0:00
10178,48,100.0,11/8/2003 0:00
10186,46,100.0,11/14/2003 0:00
10197,22,100.0,11/26/2003 0:00
10209,20,100.0,1/9/2004 0:00
10222,45,85.75,2/19/2004 0:00
10249,46,100.0,5/8/2004 0:00
10262,34,100.0,6/24/2004 0:00
10273,50,85.75,7/21/2004 0:00
10283,46,100.0,8/20/2004 0:00
10296,22,84.7,9/15/2004 0:00
10307,48,86.81,10/14/2004 0:00
10316,47,86.81,11/1/2004 0:00
10328,34,100.0,11/12/2004 0:00
10338,45,100.0,11/22/2004 0:00
10351,20,100.0,12/3/2004 0:00
10373,50,60.49,1/31/2005 0:00
10386,22,57.55,3/1/2005 0:00
10398,45,100.0,3/30/2005 0:00
10400,58,100.0,4/1/2005 0:00
10415,51,100.0,5/9/2005 0:00
10104,38,100.0,1/31/2003 0:00
10117,22,100.0,4/16/2003 0:00
10127,25,100.0,6/3/2003 0:00
10142,24,100.0,8/8/2003 0:00
10152,35,100.0,9/25/2003 0:00
10165,28,100.0,10/22/2003 0:00
10176,36,100.0,11/6/2003 0:00
10185,39,100.0,11/14/2003 0:00
10196,27,100.0,11/26/2003 0:00
10207,40,100.0,12/9/2003 0:00
10220,50,100.0,2/12/2004 0:00
10230,42,100.0,3/15/2004 0:00
10247,48,100.0,5/5/2004 0:00
10272,25,100.0,7/20/2004 0:00
10282,31,100.0,8/20/2004 0:00
10292,44,100.0,9/8/2004 0:00
10306,23,100.0,10/14/2004 0:00
10314,29,100.0,10/22/2004 0:00
10324,49,100.0,11/5/2004 0:00
10337,36,100.0,11/21/2004 0:00
10349,34,100.0,12/1/2004 0:00
10358,25,100.0,12/10/2004 0:00
10372,48,100.0,1/26/2005 0:00
10383,38,100.0,2/22/2005 0:00
10394,37,100.0,3/15/2005 0:00
10413,49,100.0,5/5/2005 0:00
10100,22,86.51,1/6/2003 0:00
10110,28,89.27,3/18/2003 0:00
10124,36,85.59,5/21/2003 0:00
10148,34,100.0,9/11/2003 0:00
10162,39,100.0,10/18/2003 0:00
10173,21,75.46,11/5/2003 0:00
10182,36,100.0,11/12/2003 0:00
10193,24,97.55,11/21/2003 0:00
10204,29,85.59,12/2/2003 0:00
10213,38,94.79,1/22/2004 0:00
10227,34,100.0,3/2/2004 0:00
10241,42,90.19,4/13/2004 0:00
10280,35,100.0,8/17/2004 0:00
10288,35,80.99,9/1/2004 0:00
10302,38,89.27,10/6/2003 0:00
10311,41,81.91,10/16/2004 0:00
10332,50,100.0,11/17/2004 0:00
10344,21,100.0,11/25/2004 0:00
10367,43,62.72,1/12/2005 0:00
10380,32,100.0,2/16/2005 0:00
10407,6,90.19,4/22/2005 0:00
10420,66,92.95,5/29/2005 0:00
10105,41,82.5,2/11/2003 0:00
10117,23,97.42,4/16/2003 0:00
10128,43,92.16,6/6/2003 0:00
10142,24,70.22,8/8/2003 0:00
10153,22,83.38,9/28/2003 0:00
10166,26,73.73,10/21/2003 0:00
10177,35,74.6,11/7/2003 0:00
10185,47,77.24,11/14/2003 0:00
10197,50,100.0,11/26/2003 0:00
10208,45,87.77,1/2/2004 0:00
10221,39,89.53,2/18/2004 0:00
10232,23,89.53,3/20/2004 0:00
10248,42,75.48,5/7/2004 0:00
10261,20,89.53,6/17/2004 0:00
10273,33,71.09,7/21/2004 0:00
10283,34,100.0,8/20/2004 0:00
10293,49,100.0,9/9/2004 0:00
10306,39,90.4,10/14/2004 0:00
10315,36,100.0,10/29/2004 0:00
10326,50,86.01,11/9/2004 0:00
10337,29,100.0,11/21/2004 0:00
10350,30,100.0,12/2/2004 0:00
10372,41,86.89,1/26/2005 0:00
10383,28,58.58,2/22/2005 0:00
10396,45,100.0,3/23/2005 0:00
10414,16,75.48,5/6/2005 0:00
10103,36,100.0,1/29/2003 0:00
10114,41,100.0,4/1/2003 0:00
10126,50,100.0,5/28/2003 0:00
10140,40,100.0,7/24/2003 0:00
10150,49,100.0,9/19/2003 0:00
10164,45,100.0,10/21/2003 0:00
10175,47,100.0,11/6/2003 0:00
10183,21,100.0,11/13/2003 0:00
10194,32,100.0,11/25/2003 0:00
10207,47,100.0,12/9/2003 0:00
10217,38,100.0,2/4/2004 0:00
10229,41,100.0,3/11/2004 0:00
10245,21,100.0,5/4/2004 0:00
10259,41,100.0,6/15/2004 0:00
10270,38,100.0,7/19/2004 0:00
10281,25,99.29,8/19/2004 0:00
10291,48,100.0,9/8/2004 0:00
10305,22,99.29,10/13/2004 0:00
10313,28,100.0,10/22/2004 0:00
10323,47,100.0,11/5/2004 0:00
10334,49,100.0,11/19/2004 0:00
10347,45,100.0,11/29/2004 0:00
10357,28,100.0,12/10/2004 0:00
10370,29,57.53,1/20/2005 0:00
10382,39,100.0,2/17/2005 0:00
10411,46,100.0,5/1/2005 0:00
10425,38,100.0,5/31/2005 0:00
10103,41,47.29,1/29/2003 0:00
10113,50,49.81,3/26/2003 0:00
10126,43,53.83,5/28/2003 0:00
10140,29,43.27,7/24/2003 0:00
10150,30,42.76,9/19/2003 0:00
10164,25,53.83,10/21/2003 0:00
10174,49,44.78,11/6/2003 0:00
10183,40,49.3,11/13/2003 0:00
10194,41,44.78,11/25/2003 0:00
10206,21,53.33,12/5/2003 0:00
10215,46,45.28,1/29/2004 0:00
10229,39,40.25,3/11/2004 0:00
10245,45,59.87,5/4/2004 0:00
10258,21,59.87,6/15/2004 0:00
10270,44,58.36,7/19/2004 0:00
10281,44,59.87,8/19/2004 0:00
10291,29,51.82,9/8/2004 0:00
10304,34,49.3,10/11/2004 0:00
10312,39,56.85,10/21/2004 0:00
10324,38,100.0,11/5/2004 0:00
10333,24,79.86,11/18/2004 0:00
10348,29,100.0,11/1/2004 0:00
10358,30,100.0,12/10/2004 0:00
10370,20,100.0,1/20/2005 0:00
10382,39,100.0,2/17/2005 0:00
10411,35,59.87,5/1/2005 0:00
10424,26,59.87,5/31/2005 0:00
10108,44,100.0,3/3/2003 0:00
10122,28,100.0,5/8/2003 0:00
10135,31,100.0,7/2/2003 0:00
10146,29,100.0,9/3/2003 0:00
10159,32,100.0,10/10/2003 0:00
10169,33,100.0,11/4/2003 0:00
10180,44,100.0,11/11/2003 0:00
10191,32,100.0,11/20/2003 0:00
10211,41,100.0,1/15/2004 0:00
10225,35,100.0,2/22/2004 0:00
10238,44,100.0,4/9/2004 0:00
10252,26,100.0,5/26/2004 0:00
10264,20,100.0,6/30/2004 0:00
10276,48,100.0,8/2/2004 0:00
10287,34,100.0,8/30/2004 0:00
10299,49,100.0,9/30/2004 0:00
10310,40,100.0,10/16/2004 0:00
10319,45,100.0,11/3/2004 0:00
10330,50,100.0,11/16/2004 0:00
10342,38,100.0,11/24/2004 0:00
10355,25,100.0,12/7/2004 0:00
10363,28,58.18,1/6/2005 0:00
10378,49,67.14,2/10/2005 0:00
10390,49,100.0,3/4/2005 0:00
10110,42,61.29,3/18/2003 0:00
10124,23,57.73,5/21/2003 0:00
10148,29,81.25,9/11/2003 0:00
10161,25,80.54,10/17/2003 0:00
10173,39,71.98,11/5/2003 0:00
10182,44,69.84,11/12/2003 0:00
10193,25,76.26,11/21/2003 0:00
10204,45,76.26,12/2/2003 0:00
10213,25,83.39,1/22/2004 0:00
10227,37,57.73,3/2/2004 0:00
10241,30,66.99,4/13/2004 0:00
10267,36,75.55,7/7/2004 0:00
10279,26,60.58,8/9/2004 0:00
10288,23,73.41,9/1/2004 0:00
10302,23,72.7,10/6/2003 0:00
10311,25,66.99,10/16/2004 0:00
10332,21,100.0,11/17/2004 0:00
10344,26,63.43,11/25/2004 0:00
10367,44,85.25,1/12/2005 0:00
10380,24,100.0,2/16/2005 0:00
10407,66,66.99,4/22/2005 0:00
10420,36,57.73,5/29/2005 0:00
10110,36,85.25,3/18/2003 0:00
10124,22,77.9,5/21/2003 0:00
10148,25,60.26,9/11/2003 0:00
10161,37,72.76,10/17/2003 0:00
10172,32,75.69,11/5/2003 0:00
10182,47,74.22,11/12/2003 0:00
10192,37,69.82,11/20/2003 0:00
10204,20,62.47,12/2/2003 0:00
10212,41,82.31,1/16/2004 0:00
10226,21,60.26,2/26/2004 0:00
10241,22,76.43,4/13/2004 0:00
10267,40,80.1,7/7/2004 0:00
10279,32,74.96,8/9/2004 0:00
10288,36,66.14,9/1/2004 0:00
10301,27,72.02,10/5/2003 0:00
10311,26,87.45,10/16/2004 0:00
10321,30,70.55,11/4/2004 0:00
10332,23,56.84,11/17/2004 0:00
10344,29,59.53,11/25/2004 0:00
10367,21,60.37,1/12/2005 0:00
10380,34,100.0,2/16/2005 0:00
10407,26,76.43,4/22/2005 0:00
10420,60,64.67,5/29/2005 0:00
10104,35,55.49,1/31/2003 0:00
10115,47,69.36,4/4/2003 0:00
10127,20,60.69,6/3/2003 0:00
10141,20,54.33,8/1/2003 0:00
10152,25,65.31,9/25/2003 0:00
10165,25,69.36,10/22/2003 0:00
10176,27,68.78,11/6/2003 0:00
10184,31,60.11,11/14/2003 0:00
10195,44,66.47,11/25/2003 0:00
10207,49,46.82,12/9/2003 0:00
10220,26,56.07,2/12/2004 0:00
10230,36,54.33,3/15/2004 0:00
10246,44,52.6,5/5/2004 0:00
10259,28,46.82,6/15/2004 0:00
10271,45,64.74,7/20/2004 0:00
10282,29,46.82,8/20/2004 0:00
10292,40,53.75,9/8/2004 0:00
10305,45,61.85,10/13/2004 0:00
10314,44,53.18,10/22/2004 0:00
10324,25,69.16,11/5/2004 0:00
10336,45,100.0,11/20/2004 0:00
10349,48,47.4,12/1/2004 0:00
10358,44,60.76,12/10/2004 0:00
10371,25,97.27,1/23/2005 0:00
10383,22,91.76,2/22/2005 0:00
10394,31,50.29,3/15/2005 0:00
10412,21,52.6,5/3/2005 0:00
10425,55,46.82,5/31/2005 0:00
10107,25,100.0,2/24/2003 0:00
10120,35,98.05,4/29/2003 0:00
10134,35,93.54,7/1/2003 0:00
10145,43,95.8,8/25/2003 0:00
10159,44,100.0,10/10/2003 0:00
10168,50,100.0,10/28/2003 0:00
10180,48,100.0,11/11/2003 0:00
10188,25,100.0,11/18/2003 0:00
10201,39,100.0,12/1/2003 0:00
10211,25,90.16,1/15/2004 0:00
10223,32,91.29,2/20/2004 0:00
10237,20,100.0,4/5/2004 0:00
10251,26,100.0,5/18/2004 0:00
10263,42,100.0,6/28/2004 0:00
10275,21,100.0,7/23/2004 0:00
10285,34,100.0,8/27/2004 0:00
10299,47,100.0,9/30/2004 0:00
10309,21,100.0,10/15/2004 0:00
10318,48,100.0,11/2/2004 0:00
10329,30,87.78,11/15/2004 0:00
10339,27,84.39,11/23/2004 0:00
10362,50,96.92,1/5/2005 0:00
10374,38,100.0,2/2/2005 0:00
10389,45,100.0,3/3/2005 0:00
10403,46,100.0,4/8/2005 0:00
10417,35,100.0,5/13/2005 0:00
10110,29,59.37,3/18/2003 0:00
10123,50,59.87,5/20/2003 0:00
10137,26,49.81,7/10/2003 0:00
10148,47,56.85,9/11/2003 0:00
10161,23,53.33,10/17/2003 0:00
10172,34,42.76,11/5/2003 0:00
10181,34,53.83,11/12/2003 0:00
10192,47,53.83,11/20/2003 0:00
10204,45,49.81,12/2/2003 0:00
10212,45,53.33,1/16/2004 0:00
10226,36,43.27,2/26/2004 0:00
10241,21,40.25,4/13/2004 0:00
10266,28,48.3,7/6/2004 0:00
10278,35,45.28,8/6/2004 0:00
10288,50,52.32,9/1/2004 0:00
10301,22,51.32,10/5/2003 0:00
10311,45,49.3,10/16/2004 0:00
10321,48,42.26,11/4/2004 0:00
10332,20,87.96,11/17/2004 0:00
10343,27,36.21,11/24/2004 0:00
10367,38,38.5,1/12/2005 0:00
10379,32,100.0,2/10/2005 0:00
10407,64,40.25,4/22/2005 0:00
10420,37,60.37,5/29/2005 0:00
10106,28,88.63,2/17/2003 0:00
10120,39,100.0,4/29/2003 0:00
10133,41,94.1,6/27/2003 0:00
10145,40,87.54,8/25/2003 0:00
10168,49,100.0,10/28/2003 0:00
10210,27,98.48,1/12/2004 0:00
10223,34,100.0,2/20/2004 0:00
10235,23,96.29,4/2/2004 0:00
10250,31,88.63,5/11/2004 0:00
10262,34,97.38,6/24/2004 0:00
10275,25,95.2,7/23/2004 0:00
10284,22,100.0,8/21/2004 0:00
10297,32,100.0,9/16/2004 0:00
10308,31,100.0,10/15/2004 0:00
10316,25,100.0,11/1/2004 0:00
10328,47,87.54,11/12/2004 0:00
10339,21,50.65,11/23/2004 0:00
10353,28,71.73,12/4/2004 0:00
10374,46,94.1,2/2/2005 0:00
10386,33,41.71,3/1/2005 0:00
10398,43,100.0,3/30/2005 0:00
10401,38,96.29,4/3/2005 0:00
10416,47,88.63,5/10/2005 0:00
10101,45,31.2,1/9/2003 0:00
10110,20,35.51,3/18/2003 0:00
10124,45,37.84,5/21/2003 0:00
10149,36,33.19,9/12/2003 0:00
10162,37,27.22,10/18/2003 0:00
10173,31,31.53,11/5/2003 0:00
10182,39,36.84,11/12/2003 0:00
10193,26,29.21,11/21/2003 0:00
10205,32,37.17,12/3/2003 0:00
10214,20,34.19,1/26/2004 0:00
10227,42,29.21,3/2/2004 0:00
10243,33,29.54,4/26/2004 0:00
10280,20,28.88,8/17/2004 0:00
10288,29,38.17,9/1/2004 0:00
10304,23,30.2,10/11/2004 0:00
10312,39,29.54,10/21/2004 0:00
10322,20,100.0,11/4/2004 0:00
10332,45,81.91,11/17/2004 0:00
10344,20,35.18,11/25/2004 0:00
10356,48,100.0,12/9/2004 0:00
10367,23,36.29,1/12/2005 0:00
10380,32,70.56,2/16/2005 0:00
10391,33,100.0,3/9/2005 0:00
10409,61,29.54,4/23/2005 0:00
10420,45,26.88,5/29/2005 0:00
10107,38,83.03,2/24/2003 0:00
10120,34,83.79,4/29/2003 0:00
10134,43,83.03,7/1/2003 0:00
10145,47,83.03,8/25/2003 0:00
10158,22,67.03,10/10/2003 0:00
10168,29,75.41,10/28/2003 0:00
10180,28,68.55,11/11/2003 0:00
10188,40,91.4,11/18/2003 0:00
10201,25,73.88,12/1/2003 0:00
10210,30,61.7,1/12/2004 0:00
10223,38,69.31,2/20/2004 0:00
10236,36,87.6,4/3/2004 0:00
10250,32,87.6,5/11/2004 0:00
10263,37,62.46,6/28/2004 0:00
10275,30,79.98,7/23/2004 0:00
10285,39,70.08,8/27/2004 0:00
10297,32,65.51,9/16/2004 0:00
10308,47,63.22,10/15/2004 0:00
10318,26,86.83,11/2/2004 0:00
10329,37,94.43,11/15/2004 0:00
10340,55,79.98,11/24/2004 0:00
10363,21,100.0,1/6/2005 0:00
10375,23,100.0,2/3/2005 0:00
10389,49,81.4,3/3/2005 0:00
10402,59,87.6,4/7/2005 0:00
10416,32,87.6,5/10/2005 0:00
10105,43,100.0,2/11/2003 0:00
10117,41,100.0,4/16/2003 0:00
10129,45,100.0,6/12/2003 0:00
10142,33,100.0,8/8/2003 0:00
10153,40,100.0,9/28/2003 0:00
10167,33,100.0,10/23/2003 0:00
10177,50,100.0,11/7/2003 0:00
10185,30,100.0,11/14/2003 0:00
10197,41,100.0,11/26/2003 0:00
10208,35,100.0,1/2/2004 0:00
10221,49,100.0,2/18/2004 0:00
10232,46,100.0,3/20/2004 0:00
10248,48,100.0,5/7/2004 0:00
10261,36,100.0,6/17/2004 0:00
10273,22,100.0,7/21/2004 0:00
10283,42,100.0,8/20/2004 0:00
10293,21,100.0,9/9/2004 0:00
10306,29,100.0,10/14/2004 0:00
10315,35,100.0,10/29/2004 0:00
10326,41,100.0,11/9/2004 0:00
10337,29,71.97,11/21/2004 0:00
10350,34,50.33,12/2/2004 0:00
10372,37,100.0,1/26/2005 0:00
10384,28,80.54,2/23/2005 0:00
10396,49,100.0,3/23/2005 0:00
10414,23,100.0,5/6/2005 0:00
10101,46,53.76,1/9/2003 0:00
10110,39,44.35,3/18/2003 0:00
10124,22,45.25,5/21/2003 0:00
10149,49,49.28,9/12/2003 0:00
10162,43,36.29,10/18/2003 0:00
10173,27,41.22,11/5/2003 0:00
10182,31,36.74,11/12/2003 0:00
10193,20,50.62,11/21/2003 0:00
10205,24,38.08,12/3/2003 0:00
10214,49,47.94,1/26/2004 0:00
10227,24,48.38,3/2/2004 0:00
10244,39,45.25,4/29/2004 0:00
10255,37,45.7,6/4/2004 0:00
10280,45,47.49,8/17/2004 0:00
10289,45,48.38,9/3/2004 0:00
10304,44,39.42,10/11/2004 0:00
10312,23,37.63,10/21/2004 0:00
10322,30,100.0,11/4/2004 0:00
10332,26,85.52,11/17/2004 0:00
10345,43,53.76,11/25/2004 0:00
10356,26,31.86,12/9/2004 0:00
10367,28,30.59,1/12/2005 0:00
10380,27,68.35,2/16/2005 0:00
10391,24,100.0,3/9/2005 0:00
10421,40,45.7,5/29/2005 0:00
10103,36,100.0,1/29/2003 0:00
10114,21,100.0,4/1/2003 0:00
10126,27,100.0,5/28/2003 0:00
10140,47,100.0,7/24/2003 0:00
10151,42,100.0,9/21/2003 0:00
10165,32,100.0,10/22/2003 0:00
10175,28,100.0,11/6/2003 0:00
10184,24,100.0,11/14/2003 0:00
10194,49,100.0,11/25/2003 0:00
10207,46,100.0,12/9/2003 0:00
10217,28,100.0,2/4/2004 0:00
10229,48,100.0,3/11/2004 0:00
10246,29,100.0,5/5/2004 0:00
10259,47,100.0,6/15/2004 0:00
10271,43,100.0,7/20/2004 0:00
10281,25,100.0,8/19/2004 0:00
10291,48,100.0,9/8/2004 0:00
10305,24,100.0,10/13/2004 0:00
10313,42,100.0,10/22/2004 0:00
10324,31,100.0,11/5/2004 0:00
10334,42,100.0,11/19/2004 0:00
10348,37,100.0,11/1/2004 0:00
10358,41,100.0,12/10/2004 0:00
10371,20,100.0,1/23/2005 0:00
10382,20,100.0,2/17/2005 0:00
10412,70,100.0,5/3/2005 0:00
10425,49,100.0,5/31/2005 0:00
10108,35,58.87,3/3/2003 0:00
10121,32,76.88,5/7/2003 0:00
10135,29,61.64,7/2/2003 0:00
10145,27,60.95,8/25/2003 0:00
10159,27,80.34,10/10/2003 0:00
10169,38,74.11,11/4/2003 0:00
10180,35,72.03,11/11/2003 0:00
10190,42,76.19,11/19/2003 0:00
10211,21,63.72,1/15/2004 0:00
10224,37,80.34,2/21/2004 0:00
10237,26,79.65,4/5/2004 0:00
10252,47,65.8,5/26/2004 0:00
10264,37,65.1,6/30/2004 0:00
10276,46,75.49,8/2/2004 0:00
10285,38,59.56,8/27/2004 0:00
10299,33,66.49,9/30/2004 0:00
10309,24,56.1,10/15/2004 0:00
10319,31,81.73,11/3/2004 0:00
10330,42,81.03,11/16/2004 0:00
10341,32,100.0,11/24/2004 0:00
10355,41,70.65,12/7/2004 0:00
10363,43,61.23,1/6/2005 0:00
10375,20,100.0,2/3/2005 0:00
10390,35,65.13,3/4/2005 0:00
10403,27,79.65,4/8/2005 0:00
10110,43,78.15,3/18/2003 0:00
10124,32,72.7,5/21/2003 0:00
10148,21,73.6,9/11/2003 0:00
10161,20,100.0,10/17/2003 0:00
10172,22,74.51,11/5/2003 0:00
10182,36,73.6,11/12/2003 0:00
10192,46,83.6,11/20/2003 0:00
10204,47,96.32,12/2/2003 0:00
10212,45,88.14,1/16/2004 0:00
10227,47,88.14,3/2/2004 0:00
10241,47,94.5,4/13/2004 0:00
10267,38,87.24,7/7/2004 0:00
10279,49,79.97,8/9/2004 0:00
10288,35,80.87,9/1/2004 0:00
10302,49,100.0,10/6/2003 0:00
10311,28,93.6,10/16/2004 0:00
10321,30,72.7,11/4/2004 0:00
10332,39,86.72,11/17/2004 0:00
10346,25,100.0,11/29/2004 0:00
10368,40,100.0,1/19/2005 0:00
10380,36,37.5,2/16/2005 0:00
10407,76,94.5,4/22/2005 0:00
10420,39,100.0,5/29/2005 0:00
10104,44,39.6,1/31/2003 0:00
10114,24,30.06,4/1/2003 0:00
10127,39,38.19,6/3/2003 0:00
10141,21,42.43,8/1/2003 0:00
10151,30,40.31,9/21/2003 0:00
10165,27,31.82,10/22/2003 0:00
10175,37,31.12,11/6/2003 0:00
10184,42,31.82,11/14/2003 0:00
10195,32,28.29,11/25/2003 0:00
10207,42,29.7,12/9/2003 0:00
10219,21,40.31,2/10/2004 0:00
10229,33,32.88,3/11/2004 0:00
10246,49,36.07,5/5/2004 0:00
10259,31,33.24,6/15/2004 0:00
10271,38,41.72,7/20/2004 0:00
10281,20,40.66,8/19/2004 0:00
10292,39,30.06,9/8/2004 0:00
10305,48,31.47,10/13/2004 0:00
10314,39,37.13,10/22/2004 0:00
10324,30,100.0,11/5/2004 0:00
10335,33,37.13,11/19/2004 0:00
10349,36,37.13,12/1/2004 0:00
10358,36,82.94,12/10/2004 0:00
10371,45,100.0,1/23/2005 0:00
10383,40,100.0,2/22/2005 0:00
10394,46,38.9,3/15/2005 0:00
10412,30,36.07,5/3/2005 0:00
10425,31,33.24,5/31/2005 0:00
10106,49,74.68,2/17/2003 0:00
10119,41,59.6,4/28/2003 0:00
10131,35,67.14,6/16/2003 0:00
10143,27,60.97,8/10/2003 0:00
10155,23,72.62,10/6/2003 0:00
10167,21,69.88,10/23/2003 0:00
10178,34,80.84,11/8/2003 0:00
10186,22,69.2,11/14/2003 0:00
10198,48,67.82,11/27/2003 0:00
10209,43,82.21,1/9/2004 0:00
10222,32,81.53,2/19/2004 0:00
10249,20,67.82,5/8/2004 0:00
10262,24,67.14,6/24/2004 0:00
10274,40,65.08,7/21/2004 0:00
10284,30,73.99,8/21/2004 0:00
10296,21,71.25,9/15/2004 0:00
10307,25,75.36,10/14/2004 0:00
10316,34,63.71,11/1/2004 0:00
10328,48,58.92,11/12/2004 0:00
10339,55,100.0,11/23/2004 0:00
10351,25,74.68,12/3/2004 0:00
10373,38,70.44,1/31/2005 0:00
10386,39,55.96,3/1/2005 0:00
10398,28,57.55,3/30/2005 0:00
10400,24,61.66,4/1/2005 0:00
10415,21,67.82,5/9/2005 0:00
10110,46,100.0,3/18/2003 0:00
10124,25,93.95,5/21/2003 0:00
10148,34,100.0,9/11/2003 0:00
10161,25,100.0,10/17/2003 0:00
10173,23,100.0,11/5/2003 0:00
10182,20,100.0,11/12/2003 0:00
10192,23,100.0,11/20/2003 0:00
10204,42,100.0,12/2/2003 0:00
10213,27,100.0,1/22/2004 0:00
10227,33,100.0,3/2/2004 0:00
10241,28,98.65,4/13/2004 0:00
10267,43,100.0,7/7/2004 0:00
10279,48,100.0,8/9/2004 0:00
10288,48,100.0,9/1/2004 0:00
10302,45,100.0,10/6/2003 0:00
10311,43,100.0,10/16/2004 0:00
10332,44,42.26,11/17/2004 0:00
10346,24,87.24,11/29/2004 0:00
10368,31,100.0,1/19/2005 0:00
10380,44,36.29,2/16/2005 0:00
10407,59,98.65,4/22/2005 0:00
10420,55,96.3,5/29/2005 0:00
10109,29,32.1,3/10/2003 0:00
10122,39,30.96,5/8/2003 0:00
10135,20,35.87,7/2/2003 0:00
10147,25,42.67,9/5/2003 0:00
10160,42,37.0,10/11/2003 0:00
10171,36,35.49,11/5/2003 0:00
10181,37,42.67,11/12/2003 0:00
10192,30,30.59,11/20/2003 0:00
10203,21,37.0,12/2/2003 0:00
10212,34,43.42,1/16/2004 0:00
10225,42,36.63,2/22/2004 0:00
10239,20,44.56,4/12/2004 0:00
10253,40,42.67,6/1/2004 0:00
10266,34,40.4,7/6/2004 0:00
10278,31,38.89,8/6/2004 0:00
10287,36,39.65,8/30/2004 0:00
10301,48,34.36,10/5/2003 0:00
10310,33,41.91,10/16/2004 0:00
10321,37,33.23,11/4/2004 0:00
10331,27,42.24,11/17/2004 0:00
10342,39,40.4,11/24/2004 0:00
10355,36,38.52,12/7/2004 0:00
10367,36,100.0,1/12/2005 0:00
10378,41,100.0,2/10/2005 0:00
10390,37,100.0,3/4/2005 0:00
10405,47,44.56,4/14/2005 0:00
10419,15,42.67,5/17/2005 0:00
10105,44,72.58,2/11/2003 0:00
10119,35,87.62,4/28/2003 0:00
10129,41,94.71,6/12/2003 0:00
10142,49,98.25,8/8/2003 0:00
10154,31,91.17,10/2/2003 0:00
10167,20,79.66,10/23/2003 0:00
10177,45,72.58,11/7/2003 0:00
10185,33,74.35,11/14/2003 0:00
10197,47,83.2,11/26/2003 0:00
10208,20,89.4,1/2/2004 0:00
10222,47,70.81,2/19/2004 0:00
10233,40,94.71,3/29/2004 0:00
10248,30,100.0,5/7/2004 0:00
10261,22,91.17,6/17/2004 0:00
10273,27,100.0,7/21/2004 0:00
10283,34,92.94,8/20/2004 0:00
10295,46,84.97,9/10/2004 0:00
10306,31,84.08,10/14/2004 0:00
10315,24,86.74,10/29/2004 0:00
10326,41,85.85,11/9/2004 0:00
10339,55,100.0,11/23/2004 0:00
10350,30,100.0,12/2/2004 0:00
10373,33,57.32,1/31/2005 0:00
10384,43,97.87,2/23/2005 0:00
10396,27,83.2,3/23/2005 0:00
10414,60,100.0,5/6/2005 0:00
10110,27,73.62,3/18/2003 0:00
10124,49,83.04,5/21/2003 0:00
10148,31,73.62,9/11/2003 0:00
10161,20,77.05,10/17/2003 0:00
10172,24,81.33,11/5/2003 0:00
10182,33,94.17,11/12/2003 0:00
10192,32,72.77,11/20/2003 0:00
10204,40,79.62,12/2/2003 0:00
10212,27,79.62,1/16/2004 0:00
10227,40,79.62,3/2/2004 0:00
10241,26,81.33,4/13/2004 0:00
10267,44,96.74,7/7/2004 0:00
10279,33,71.06,8/9/2004 0:00
10288,34,68.49,9/1/2004 0:00
10302,48,74.48,10/6/2003 0:00
10311,25,83.04,10/16/2004 0:00
10321,39,84.75,11/4/2004 0:00
10332,45,34.19,11/17/2004 0:00
10346,24,100.0,11/29/2004 0:00
10368,46,79.62,1/19/2005 0:00
10380,44,79.06,2/16/2005 0:00
10407,13,81.33,4/22/2005 0:00
10420,35,96.74,5/29/2005 0:00
10108,30,63.07,3/3/2003 0:00
10122,34,50.21,5/8/2003 0:00
10135,27,66.13,7/2/2003 0:00
10147,30,68.58,9/5/2003 0:00
10159,50,69.8,10/10/2003 0:00
10169,34,50.21,11/4/2003 0:00
10181,23,65.52,11/12/2003 0:00
10191,48,60.01,11/20/2003 0:00
10203,34,64.9,12/2/2003 0:00
10211,48,48.98,1/15/2004 0:00
10225,24,50.21,2/22/2004 0:00
10238,47,62.45,4/9/2004 0:00
10253,24,52.66,6/1/2004 0:00
10266,47,62.45,7/6/2004 0:00
10276,20,61.23,8/2/2004 0:00
10287,20,67.97,8/30/2004 0:00
10300,31,58.78,10/4/2003 0:00
10310,38,56.94,10/16/2004 0:00
10320,26,61.23,11/3/2004 0:00
10331,25,100.0,11/17/2004 0:00
10342,48,62.45,11/24/2004 0:00
10355,44,62.45,12/7/2004 0:00
10363,21,100.0,1/6/2005 0:00
10378,46,41.54,2/10/2005 0:00
10390,46,52.84,3/4/2005 0:00
10419,55,52.66,5/17/2005 0:00
10106,31,52.6,2/17/2003 0:00
10119,20,72.98,4/28/2003 0:00
10131,29,59.18,6/16/2003 0:00
10143,33,77.59,8/10/2003 0:00
10155,34,55.89,10/6/2003 0:00
10167,32,63.12,10/23/2003 0:00
10178,27,73.64,11/8/2003 0:00
10186,21,69.04,11/14/2003 0:00
10198,27,71.67,11/27/2003 0:00
10209,36,77.59,1/9/2004 0:00
10222,43,70.35,2/19/2004 0:00
10249,25,69.7,5/8/2004 0:00
10262,46,70.35,6/24/2004 0:00
10274,24,72.33,7/21/2004 0:00
10284,39,71.67,8/21/2004 0:00
10296,31,53.92,9/15/2004 0:00
10307,22,71.67,10/14/2004 0:00
10316,47,76.93,11/1/2004 0:00
10328,20,72.98,11/12/2004 0:00
10339,29,99.69,11/23/2004 0:00
10351,38,68.38,12/3/2004 0:00
10361,34,100.0,12/17/2004 0:00
10373,46,66.0,1/31/2005 0:00
10386,35,63.76,3/1/2005 0:00
10398,34,71.67,3/30/2005 0:00
10400,38,57.2,4/1/2005 0:00
10415,18,69.7,5/9/2005 0:00
10110,37,100.0,3/18/2003 0:00
10124,43,100.0,5/21/2003 0:00
10148,27,100.0,9/11/2003 0:00
10161,30,100.0,10/17/2003 0:00
10172,22,98.51,11/5/2003 0:00
10182,49,100.0,11/12/2003 0:00
10192,46,100.0,11/20/2003 0:00
10204,48,91.02,12/2/2003 0:00
10212,46,87.81,1/16/2004 0:00
10226,48,92.09,2/26/2004 0:00
10241,27,86.73,4/13/2004 0:00
10267,43,100.0,7/7/2004 0:00
10279,48,100.0,8/9/2004 0:00
10288,41,100.0,9/1/2004 0:00
10301,22,96.37,10/5/2003 0:00
10311,46,92.09,10/16/2004 0:00
10321,21,89.95,11/4/2004 0:00
10332,31,37.18,11/17/2004 0:00
10346,26,95.88,11/29/2004 0:00
10368,20,99.58,1/19/2005 0:00
10380,34,100.0,2/16/2005 0:00
10407,43,86.73,4/22/2005 0:00
10420,26,100.0,5/29/2005 0:00
10105,50,79.67,2/11/2003 0:00
10119,35,90.57,4/28/2003 0:00
10129,50,77.99,6/12/2003 0:00
10143,23,80.51,8/10/2003 0:00
10155,37,67.93,10/6/2003 0:00
10167,29,83.86,10/23/2003 0:00
10178,21,72.12,11/8/2003 0:00
10186,36,85.54,11/14/2003 0:00
10197,22,86.38,11/26/2003 0:00
10209,22,89.73,1/9/2004 0:00
10222,46,80.51,2/19/2004 0:00
10248,23,76.31,5/7/2004 0:00
10262,49,87.21,6/24/2004 0:00
10273,48,83.02,7/21/2004 0:00
10283,33,72.96,8/20/2004 0:00
10296,22,77.15,9/15/2004 0:00
10307,22,91.41,10/14/2004 0:00
10316,25,92.25,11/1/2004 0:00
10326,20,92.25,11/9/2004 0:00
10339,42,59.36,11/23/2004 0:00
10350,25,60.34,12/2/2004 0:00
10373,23,100.0,1/31/2005 0:00
10385,37,85.54,2/28/2005 0:00
10396,37,90.57,3/23/2005 0:00
10400,42,72.96,4/1/2005 0:00
10414,51,76.31,5/6/2005 0:00
10108,40,100.0,3/3/2003 0:00
10122,43,100.0,5/8/2003 0:00
10135,47,100.0,7/2/2003 0:00
10147,23,100.0,9/5/2003 0:00
10160,35,100.0,10/11/2003 0:00
10170,34,100.0,11/4/2003 0:00
10181,25,100.0,11/12/2003 0:00
10192,45,100.0,11/20/2003 0:00
10203,47,100.0,12/2/2003 0:00
10212,49,100.0,1/16/2004 0:00
10225,40,100.0,2/22/2004 0:00
10239,29,100.0,4/12/2004 0:00
10253,39,100.0,6/1/2004 0:00
10266,24,100.0,7/6/2004 0:00
10278,25,100.0,8/6/2004 0:00
10287,36,100.0,8/30/2004 0:00
10301,50,100.0,10/5/2003 0:00
10310,45,100.0,10/16/2004 0:00
10321,26,100.0,11/4/2004 0:00
10331,21,100.0,11/17/2004 0:00
10342,42,100.0,11/24/2004 0:00
10355,32,100.0,12/7/2004 0:00
10363,31,94.58,1/6/2005 0:00
10378,33,53.27,2/10/2005 0:00
10390,45,100.0,3/4/2005 0:00
10405,76,100.0,4/14/2005 0:00
10419,70,100.0,5/17/2005 0:00
10106,50,64.83,2/17/2003 0:00
10119,28,70.29,4/28/2003 0:00
10131,50,81.89,6/16/2003 0:00
10143,28,66.19,8/10/2003 0:00
10155,44,77.11,10/6/2003 0:00
10168,27,73.02,10/28/2003 0:00
10178,30,72.33,11/8/2003 0:00
10198,43,66.19,11/27/2003 0:00
10210,29,69.6,1/12/2004 0:00
10222,48,56.64,2/19/2004 0:00
10235,33,60.05,4/2/2004 0:00
10250,40,75.06,5/11/2004 0:00
10262,48,61.42,6/24/2004 0:00
10275,41,81.89,7/23/2004 0:00
10284,21,55.96,8/21/2004 0:00
10296,32,71.65,9/15/2004 0:00
10308,43,76.43,10/15/2004 0:00
10316,30,77.79,11/1/2004 0:00
10328,35,76.43,11/12/2004 0:00
10339,45,96.92,11/23/2004 0:00
10351,34,59.37,12/3/2004 0:00
10361,26,100.0,12/17/2004 0:00
10373,39,73.0,1/31/2005 0:00
10386,41,73.32,3/1/2005 0:00
10398,41,68.24,3/30/2005 0:00
10401,64,60.05,4/3/2005 0:00
10416,18,75.06,5/10/2005 0:00
10100,49,34.47,1/6/2003 0:00
10110,48,34.47,3/18/2003 0:00
10124,46,33.23,5/21/2003 0:00
10149,26,38.98,9/12/2003 0:00
10162,37,38.98,10/18/2003 0:00
10173,35,33.23,11/5/2003 0:00
10182,23,42.26,11/12/2003 0:00
10193,22,41.03,11/21/2003 0:00
10204,39,33.23,12/2/2003 0:00
10214,44,34.88,1/26/2004 0:00
10227,27,43.9,3/2/2004 0:00
10242,46,36.93,4/20/2004 0:00
10280,33,41.85,8/17/2004 0:00
10288,33,40.62,9/1/2004 0:00
10303,24,40.21,10/6/2004 0:00
10312,31,35.29,10/21/2004 0:00
10332,41,77.24,11/17/2004 0:00
10346,22,97.44,11/29/2004 0:00
10368,46,37.34,1/19/2005 0:00
10380,43,95.03,2/16/2005 0:00
10408,15,36.93,4/22/2005 0:00
10420,15,43.49,5/29/2005 0:00
10104,26,100.0,1/31/2003 0:00
10115,44,100.0,4/4/2003 0:00
10127,20,96.99,6/3/2003 0:00
10141,40,94.62,8/1/2003 0:00
10152,23,100.0,9/25/2003 0:00
10165,24,99.36,10/22/2003 0:00
10176,29,100.0,11/6/2003 0:00
10184,49,100.0,11/14/2003 0:00
10195,34,100.0,11/25/2003 0:00
10207,28,100.0,12/9/2003 0:00
10220,37,100.0,2/12/2004 0:00
10230,45,100.0,3/15/2004 0:00
10246,46,100.0,5/5/2004 0:00
10271,22,100.0,7/20/2004 0:00
10282,39,100.0,8/20/2004 0:00
10292,27,100.0,9/8/2004 0:00
10305,36,100.0,10/13/2004 0:00
10314,38,100.0,10/22/2004 0:00
10325,44,100.0,11/5/2004 0:00
10336,31,100.0,11/20/2004 0:00
10349,23,100.0,12/1/2004 0:00
10359,22,100.0,12/15/2004 0:00
10371,28,50.32,1/23/2005 0:00
10383,21,93.91,2/22/2005 0:00
10394,37,100.0,3/15/2005 0:00
10412,31,100.0,5/3/2005 0:00
10103,25,100.0,1/29/2003 0:00
10111,26,86.68,3/25/2003 0:00
10126,34,100.0,5/28/2003 0:00
10139,29,100.0,7/16/2003 0:00
10149,20,90.57,9/12/2003 0:00
10163,42,91.55,10/20/2003 0:00
10173,22,100.0,11/5/2003 0:00
10183,47,100.0,11/13/2003 0:00
10193,20,100.0,11/21/2003 0:00
10206,33,97.39,12/5/2003 0:00
10215,39,90.57,1/29/2004 0:00
10228,33,100.0,3/10/2004 0:00
10244,40,86.68,4/29/2004 0:00
10257,46,78.89,6/14/2004 0:00
10269,48,97.39,7/16/2004 0:00
10280,21,78.89,8/17/2004 0:00
10290,45,100.0,9/7/2004 0:00
10304,33,100.0,10/11/2004 0:00
10312,44,100.0,10/21/2004 0:00
10324,33,100.0,11/5/2004 0:00
10333,39,100.0,11/18/2004 0:00
10348,39,50.31,11/1/2004 0:00
10358,41,100.0,12/10/2004 0:00
10369,40,86.92,1/20/2005 0:00
10382,33,100.0,2/17/2005 0:00
10423,28,78.89,5/30/2005 0:00
10106,26,63.76,2/17/2003 0:00
10120,29,85.49,4/29/2003 0:00
10133,46,77.52,6/27/2003 0:00
10145,33,84.77,8/25/2003 0:00
10168,48,78.25,10/28/2003 0:00
10210,40,71.0,1/12/2004 0:00
10223,23,74.62,2/20/2004 0:00
10235,40,81.14,4/2/2004 0:00
10250,37,74.62,5/11/2004 0:00
10263,24,75.35,6/28/2004 0:00
10275,27,62.31,7/23/2004 0:00
10284,21,71.0,8/21/2004 0:00
10297,23,72.45,9/16/2004 0:00
10308,44,83.32,10/15/2004 0:00
10317,35,83.32,11/2/2004 0:00
10328,43,60.86,11/12/2004 0:00
10340,40,84.77,11/24/2004 0:00
10353,35,89.9,12/4/2004 0:00
10361,25,62.46,12/17/2004 0:00
10375,43,100.0,2/3/2005 0:00
10386,50,63.34,3/1/2005 0:00
10398,45,78.25,3/30/2005 0:00
10401,52,81.14,4/3/2005 0:00
10416,48,74.62,5/10/2005 0:00
10108,31,68.71,3/3/2003 0:00
10122,29,71.14,5/8/2003 0:00
10135,23,87.31,7/2/2003 0:00
10147,31,64.67,9/5/2003 0:00
10159,23,67.1,10/10/2003 0:00
10169,24,94.58,11/4/2003 0:00
10180,28,71.14,11/11/2003 0:00
10191,44,66.29,11/20/2003 0:00
10211,22,92.16,1/15/2004 0:00
10225,46,70.33,2/22/2004 0:00
10238,22,93.77,4/9/2004 0:00
10252,38,87.31,5/26/2004 0:00
10264,47,83.27,6/30/2004 0:00
10276,48,75.18,8/2/2004 0:00
10287,40,88.12,8/30/2004 0:00
10299,32,80.84,9/30/2004 0:00
10310,49,97.01,10/16/2004 0:00
10319,43,85.69,11/3/2004 0:00
10331,41,100.0,11/17/2004 0:00
10343,30,100.0,11/24/2004 0:00
10355,28,95.39,12/7/2004 0:00
10363,43,100.0,1/6/2005 0:00
10378,41,100.0,2/10/2005 0:00
10390,30,82.42,3/4/2005 0:00
10103,31,100.0,1/29/2003 0:00
10114,32,100.0,4/1/2003 0:00
10126,43,96.31,5/28/2003 0:00
10140,26,100.0,7/24/2003 0:00
10151,27,100.0,9/21/2003 0:00
10164,24,100.0,10/21/2003 0:00
10175,22,100.0,11/6/2003 0:00
10184,46,100.0,11/14/2003 0:00
10194,37,97.27,11/25/2003 0:00
10207,49,80.9,12/9/2003 0:00
10217,21,100.0,2/4/2004 0:00
10229,25,100.0,3/11/2004 0:00
10245,37,100.0,5/4/2004 0:00
10259,45,86.68,6/15/2004 0:00
10270,32,85.72,7/19/2004 0:00
10281,29,82.83,8/19/2004 0:00
10291,26,83.79,9/8/2004 0:00
10305,28,100.0,10/13/2004 0:00
10313,27,87.64,10/22/2004 0:00
10324,20,98.18,11/5/2004 0:00
10335,44,100.0,11/19/2004 0:00
10348,42,100.0,11/1/2004 0:00
10358,41,100.0,12/10/2004 0:00
10371,26,100.0,1/23/2005 0:00
10382,26,100.0,2/17/2005 0:00
10411,26,100.0,5/1/2005 0:00
10425,41,86.68,5/31/2005 0:00
10107,20,92.9,2/24/2003 0:00
10120,22,100.0,4/29/2003 0:00
10133,23,100.0,6/27/2003 0:00
10145,33,93.9,8/25/2003 0:00
10168,28,100.0,10/28/2003 0:00
10188,44,98.89,11/18/2003 0:00
10210,46,79.91,1/12/2004 0:00
10223,21,100.0,2/20/2004 0:00
10235,41,100.0,4/2/2004 0:00
10250,31,100.0,5/11/2004 0:00
10263,31,79.91,6/28/2004 0:00
10275,23,81.91,7/23/2004 0:00
10285,37,98.89,8/27/2004 0:00
10297,26,100.0,9/16/2004 0:00
10308,24,79.91,10/15/2004 0:00
10318,47,100.0,11/2/2004 0:00
10329,45,63.91,11/15/2004 0:00
10340,55,100.0,11/24/2004 0:00
10353,46,81.17,12/4/2004 0:00
10363,50,100.0,1/6/2005 0:00
10375,37,100.0,2/3/2005 0:00
10387,44,94.9,3/2/2005 0:00
10401,49,100.0,4/3/2005 0:00
10416,45,100.0,5/10/2005 0:00
10108,27,43.45,3/3/2003 0:00
10122,31,44.66,5/8/2003 0:00
10135,33,40.23,7/2/2003 0:00
10145,31,35.8,8/25/2003 0:00
10159,35,35.4,10/10/2003 0:00
10169,26,39.83,11/4/2003 0:00
10180,34,45.46,11/11/2003 0:00
10190,46,32.99,11/19/2003 0:00
10211,41,42.24,1/15/2004 0:00
10224,43,39.43,2/21/2004 0:00
10237,26,40.23,4/5/2004 0:00
10252,36,48.28,5/26/2004 0:00
10264,20,32.59,6/30/2004 0:00
10276,27,36.61,8/2/2004 0:00
10285,37,41.03,8/27/2004 0:00
10299,24,42.24,9/30/2004 0:00
10310,36,43.05,10/16/2004 0:00
10319,29,38.22,11/3/2004 0:00
10331,28,100.0,11/17/2004 0:00
10343,29,100.0,11/24/2004 0:00
10355,38,39.83,12/7/2004 0:00
10364,48,48.28,1/6/2005 0:00
10378,40,82.46,2/10/2005 0:00
10390,41,44.56,3/4/2005 0:00
10403,30,40.23,4/8/2005 0:00
10104,35,47.62,1/31/2003 0:00
10114,28,55.73,4/1/2003 0:00
10127,45,51.95,6/3/2003 0:00
10141,24,45.99,8/1/2003 0:00
10151,41,63.85,9/21/2003 0:00
10165,48,45.99,10/22/2003 0:00
10175,50,63.31,11/6/2003 0:00
10184,33,62.77,11/14/2003 0:00
10195,32,43.29,11/25/2003 0:00
10207,27,60.06,12/9/2003 0:00
10219,35,55.19,2/10/2004 0:00
10229,23,54.11,3/11/2004 0:00
10246,35,48.7,5/5/2004 0:00
10259,40,43.83,6/15/2004 0:00
10271,35,47.62,7/20/2004 0:00
10281,31,55.19,8/19/2004 0:00
10292,50,46.53,9/8/2004 0:00
10305,40,57.9,10/13/2004 0:00
10313,38,45.45,10/22/2004 0:00
10325,38,100.0,11/5/2004 0:00
10335,40,60.6,11/19/2004 0:00
10349,33,46.53,12/1/2004 0:00
10359,36,100.0,12/15/2004 0:00
10371,20,66.47,1/23/2005 0:00
10383,32,53.18,2/22/2005 0:00
10394,36,62.77,3/15/2005 0:00
10412,19,48.7,5/3/2005 0:00
10425,11,43.83,5/31/2005 0:00
10104,49,65.87,1/31/2003 0:00
10116,27,63.38,4/11/2003 0:00
10127,29,70.84,6/3/2003 0:00
10142,42,74.57,8/8/2003 0:00
10152,33,50.95,9/25/2003 0:00
10165,44,53.44,10/22/2003 0:00
10176,22,64.0,11/6/2003 0:00
10184,48,50.95,11/14/2003 0:00
10195,33,54.68,11/25/2003 0:00
10207,45,56.55,12/9/2003 0:00
10220,20,52.82,2/12/2004 0:00
10230,46,60.9,3/15/2004 0:00
10247,40,49.71,5/5/2004 0:00
10272,45,64.63,7/20/2004 0:00
10282,36,59.65,8/20/2004 0:00
10292,31,67.73,9/8/2004 0:00
10306,46,50.33,10/14/2004 0:00
10314,35,66.49,10/22/2004 0:00
10325,28,100.0,11/5/2004 0:00
10336,31,84.71,11/20/2004 0:00
10350,27,100.0,12/2/2004 0:00
10359,22,100.0,12/15/2004 0:00
10371,30,99.55,1/23/2005 0:00
10383,44,36.07,2/22/2005 0:00
10394,30,60.28,3/15/2005 0:00
10413,24,49.71,5/5/2005 0:00
10103,45,75.63,1/29/2003 0:00
10113,23,68.52,3/26/2003 0:00
10126,26,62.7,5/28/2003 0:00
10140,28,60.76,7/24/2003 0:00
10150,49,58.18,9/19/2003 0:00
10164,49,54.94,10/21/2003 0:00
10175,29,74.98,11/6/2003 0:00
10183,49,64.64,11/13/2003 0:00
10194,39,54.94,11/25/2003 0:00
10206,36,58.82,12/5/2003 0:00
10217,39,62.05,2/4/2004 0:00
10229,30,73.04,3/11/2004 0:00
10245,44,69.16,5/4/2004 0:00
10258,20,61.41,6/15/2004 0:00
10270,21,63.35,7/19/2004 0:00
10281,36,77.57,8/19/2004 0:00
10291,32,71.75,9/8/2004 0:00
10304,36,73.04,10/11/2004 0:00
10313,34,56.24,10/22/2004 0:00
10324,48,100.0,11/5/2004 0:00
10333,33,73.69,11/18/2004 0:00
10348,31,100.0,11/1/2004 0:00
10358,36,100.0,12/10/2004 0:00
10370,25,100.0,1/20/2005 0:00
10382,48,100.0,2/17/2005 0:00
10411,27,69.16,5/1/2005 0:00
10424,44,61.41,5/31/2005 0:00
10106,33,72.92,2/17/2003 0:00
10120,29,72.23,4/29/2003 0:00
10133,49,57.1,6/27/2003 0:00
10144,20,81.86,8/13/2003 0:00
10168,31,73.61,10/28/2003 0:00
10210,39,59.16,1/12/2004 0:00
10223,20,66.04,2/20/2004 0:00
10235,34,77.73,4/2/2004 0:00
10250,50,61.22,5/11/2004 0:00
10262,40,79.11,6/24/2004 0:00
10275,28,63.97,7/23/2004 0:00
10284,50,81.86,8/21/2004 0:00
10297,28,79.8,9/16/2004 0:00
10308,46,66.04,10/15/2004 0:00
10316,24,59.16,11/1/2004 0:00
10328,24,81.17,11/12/2004 0:00
10340,39,59.16,11/24/2004 0:00
10353,40,44.51,12/4/2004 0:00
10361,49,72.33,12/17/2004 0:00
10375,44,82.26,2/3/2005 0:00
10388,35,100.0,3/3/2005 0:00
10398,22,67.41,3/30/2005 0:00
10401,62,77.73,4/3/2005 0:00
10416,26,61.22,5/10/2005 0:00
10108,31,100.0,3/3/2003 0:00
10121,25,86.74,5/7/2003 0:00
10135,30,89.8,7/2/2003 0:00
10145,27,100.0,8/25/2003 0:00
10159,23,100.0,10/10/2003 0:00
10169,34,100.0,11/4/2003 0:00
10180,22,100.0,11/11/2003 0:00
10190,42,85.72,11/19/2003 0:00
10211,37,100.0,1/15/2004 0:00
10224,30,100.0,2/21/2004 0:00
10237,27,100.0,4/5/2004 0:00
10252,25,100.0,5/26/2004 0:00
10264,34,97.97,6/30/2004 0:00
10276,38,100.0,8/2/2004 0:00
10285,26,100.0,8/27/2004 0:00
10299,38,100.0,9/30/2004 0:00
10309,50,84.7,10/15/2004 0:00
10319,22,100.0,11/3/2004 0:00
10331,32,100.0,11/17/2004 0:00
10341,31,71.02,11/24/2004 0:00
10355,40,100.0,12/7/2004 0:00
10365,22,100.0,1/7/2005 0:00
10375,41,100.0,2/3/2005 0:00
10390,45,48.98,3/4/2005 0:00
10403,45,100.0,4/8/2005 0:00
10106,39,40.15,2/17/2003 0:00
10120,49,50.62,4/29/2003 0:00
10133,27,50.19,6/27/2003 0:00
10143,34,36.66,8/10/2003 0:00
10156,20,41.02,10/8/2003 0:00
10168,48,51.93,10/28/2003 0:00
10199,29,38.4,12/1/2003 0:00
10210,43,41.02,1/12/2004 0:00
10223,41,46.26,2/20/2004 0:00
10235,41,35.35,4/2/2004 0:00
10250,36,51.93,5/11/2004 0:00
10262,49,37.97,6/24/2004 0:00
10275,38,45.39,7/23/2004 0:00
10284,33,51.93,8/21/2004 0:00
10296,26,48.44,9/15/2004 0:00
10308,47,43.64,10/15/2004 0:00
10316,34,47.57,11/1/2004 0:00
10328,34,51.93,11/12/2004 0:00
10340,40,50.62,11/24/2004 0:00
10353,40,82.21,12/4/2004 0:00
10361,33,82.59,12/17/2004 0:00
10375,49,65.8,2/3/2005 0:00
10388,27,100.0,3/3/2005 0:00
10398,49,36.66,3/30/2005 0:00
10401,56,35.35,4/3/2005 0:00
10416,37,51.93,5/10/2005 0:00
10104,33,100.0,1/31/2003 0:00
10115,27,100.0,4/4/2003 0:00
10127,46,100.0,6/3/2003 0:00
10141,44,100.0,8/1/2003 0:00
10151,26,100.0,9/21/2003 0:00
10165,48,94.92,10/22/2003 0:00
10176,23,100.0,11/6/2003 0:00
10184,45,100.0,11/14/2003 0:00
10195,49,100.0,11/25/2003 0:00
10207,28,94.92,12/9/2003 0:00
10220,37,100.0,2/12/2004 0:00
10230,34,100.0,3/15/2004 0:00
10246,22,100.0,5/5/2004 0:00
10259,29,100.0,6/15/2004 0:00
10271,34,98.39,7/20/2004 0:00
10282,38,100.0,8/20/2004 0:00
10292,41,100.0,9/8/2004 0:00
10305,42,100.0,10/13/2004 0:00
10314,28,100.0,10/22/2004 0:00
10325,38,100.0,11/5/2004 0:00
10336,23,100.0,11/20/2004 0:00
10350,31,71.4,12/2/2004 0:00
10359,46,100.0,12/15/2004 0:00
10371,48,56.55,1/23/2005 0:00
10383,29,100.0,2/22/2005 0:00
10395,46,100.0,3/17/2005 0:00
10412,26,100.0,5/3/2005 0:00
10425,18,100.0,5/31/2005 0:00
10104,32,53.31,1/31/2003 0:00
10117,21,49.21,4/16/2003 0:00
10127,46,69.12,6/3/2003 0:00
10142,42,49.79,8/8/2003 0:00
10153,31,57.41,9/28/2003 0:00
10165,38,66.78,10/22/2003 0:00
10176,38,64.44,11/6/2003 0:00
10185,20,48.62,11/14/2003 0:00
10196,46,62.09,11/26/2003 0:00
10208,30,65.61,1/2/2004 0:00
10220,30,68.54,2/12/2004 0:00
10230,43,52.14,3/15/2004 0:00
10247,49,63.85,5/5/2004 0:00
10272,43,56.82,7/20/2004 0:00
10282,37,66.78,8/20/2004 0:00
10292,35,55.07,9/8/2004 0:00
10306,34,60.34,10/14/2004 0:00
10314,38,61.51,10/22/2004 0:00
10325,44,100.0,11/5/2004 0:00
10337,21,100.0,11/21/2004 0:00
10350,44,100.0,12/2/2004 0:00
10359,25,64.93,12/15/2004 0:00
10372,24,58.58,1/26/2005 0:00
10383,38,60.06,2/22/2005 0:00
10395,45,100.0,3/17/2005 0:00
10413,51,63.85,5/5/2005 0:00
10108,34,82.99,3/3/2003 0:00
10121,44,74.85,5/7/2003 0:00
10135,44,96.0,7/2/2003 0:00
10145,38,81.36,8/25/2003 0:00
10159,31,71.6,10/10/2003 0:00
10169,48,80.55,11/4/2003 0:00
10180,21,93.56,11/11/2003 0:00
10190,40,66.72,11/19/2003 0:00
10211,40,80.55,1/15/2004 0:00
10224,50,77.29,2/21/2004 0:00
10237,20,68.34,4/5/2004 0:00
10252,48,72.41,5/26/2004 0:00
10264,47,89.5,6/30/2004 0:00
10276,21,70.78,8/2/2004 0:00
10285,39,78.92,8/27/2004 0:00
10299,44,80.55,9/30/2004 0:00
10309,28,88.68,10/15/2004 0:00
10319,45,77.29,11/3/2004 0:00
10331,20,100.0,11/17/2004 0:00
10341,38,100.0,11/24/2004 0:00
10356,26,100.0,12/9/2004 0:00
10365,44,100.0,1/7/2005 0:00
10375,49,100.0,2/3/2005 0:00
10390,22,100.0,3/4/2005 0:00
10403,31,68.34,4/8/2005 0:00
10105,41,70.67,2/11/2003 0:00
10119,25,76.67,4/28/2003 0:00
10129,31,60.0,6/12/2003 0:00
10142,41,64.0,8/8/2003 0:00
10153,43,64.67,9/28/2003 0:00
10167,43,75.34,10/23/2003 0:00
10177,24,76.0,11/7/2003 0:00
10185,21,54.0,11/14/2003 0:00
10197,23,64.67,11/26/2003 0:00
10208,38,74.67,1/2/2004 0:00
10222,31,62.67,2/19/2004 0:00
10233,36,70.67,3/29/2004 0:00
10248,36,71.34,5/7/2004 0:00
10261,34,62.0,6/17/2004 0:00
10273,21,65.34,7/21/2004 0:00
10283,45,78.67,8/20/2004 0:00
10295,26,75.34,9/10/2004 0:00
10306,50,54.0,10/14/2004 0:00
10315,41,62.0,10/29/2004 0:00
10326,39,60.0,11/9/2004 0:00
10339,22,100.0,11/23/2004 0:00
10350,46,76.67,12/2/2004 0:00
10373,44,100.0,1/31/2005 0:00
10385,25,77.34,2/28/2005 0:00
10396,39,66.67,3/23/2005 0:00
10414,37,71.34,5/6/2005 0:00
10106,31,100.0,2/17/2003 0:00
10120,47,82.21,4/29/2003 0:00
10133,24,77.64,6/27/2003 0:00
10143,36,100.0,8/10/2003 0:00
10156,48,100.0,10/8/2003 0:00
10168,28,98.65,10/28/2003 0:00
10199,48,83.12,12/1/2003 0:00
10210,21,78.55,1/12/2004 0:00
10223,25,100.0,2/20/2004 0:00
10235,25,100.0,4/2/2004 0:00
10250,31,91.34,5/11/2004 0:00
10262,40,84.03,6/24/2004 0:00
10275,32,89.51,7/23/2004 0:00
10284,24,83.12,8/21/2004 0:00
10296,42,100.0,9/15/2004 0:00
10308,21,100.0,10/15/2004 0:00
10316,34,82.21,11/1/2004 0:00
10328,27,100.0,11/12/2004 0:00
10340,30,88.6,11/24/2004 0:00
10353,39,100.0,12/4/2004 0:00
10361,20,60.54,12/17/2004 0:00
10375,37,81.87,2/3/2005 0:00
10388,46,100.0,3/3/2005 0:00
10398,47,87.69,3/30/2005 0:00
10401,11,100.0,4/3/2005 0:00
10416,23,91.34,5/10/2005 0:00
10105,29,70.15,2/11/2003 0:00
10117,38,79.68,4/16/2003 0:00
10128,32,97.0,6/6/2003 0:00
10142,43,84.01,8/8/2003 0:00
10153,31,87.48,9/28/2003 0:00
10166,29,100.0,10/21/2003 0:00
10177,31,88.34,11/7/2003 0:00
10185,30,94.4,11/14/2003 0:00
10196,50,94.4,11/26/2003 0:00
10208,40,80.55,1/2/2004 0:00
10221,23,97.0,2/18/2004 0:00
10232,26,88.34,3/20/2004 0:00
10248,40,100.0,5/7/2004 0:00
10273,21,100.0,7/21/2004 0:00
10282,43,86.61,8/20/2004 0:00
10293,29,71.89,9/9/2004 0:00
10306,38,91.81,10/14/2004 0:00
10314,23,76.22,10/22/2004 0:00
10327,20,100.0,11/10/2004 0:00
10337,36,70.3,11/21/2004 0:00
10350,28,100.0,12/2/2004 0:00
10372,44,100.0,1/26/2005 0:00
10384,49,100.0,2/23/2005 0:00
10397,32,80.55,3/28/2005 0:00
10414,34,100.0,5/6/2005 0:00
10106,30,100.0,2/17/2003 0:00
10119,29,94.14,4/28/2003 0:00
10131,22,85.99,6/16/2003 0:00
10143,26,100.0,8/10/2003 0:00
10155,32,91.43,10/6/2003 0:00
10167,29,100.0,10/23/2003 0:00
10178,34,96.86,11/8/2003 0:00
10186,24,99.57,11/14/2003 0:00
10197,24,90.52,11/26/2003 0:00
10209,33,88.71,1/9/2004 0:00
10222,26,100.0,2/19/2004 0:00
10249,40,95.95,5/8/2004 0:00
10262,44,94.14,6/24/2004 0:00
10274,24,90.52,7/21/2004 0:00
10283,20,94.14,8/20/2004 0:00
10296,34,100.0,9/15/2004 0:00
10307,34,97.76,10/14/2004 0:00
10316,45,93.24,11/1/2004 0:00
10328,41,100.0,11/12/2004 0:00
10339,55,71.25,11/23/2004 0:00
10352,23,100.0,12/3/2004 0:00
10361,24,45.39,12/17/2004 0:00
10373,32,84.41,1/31/2005 0:00
10386,29,85.76,3/1/2005 0:00
10398,36,100.0,3/30/2005 0:00
10400,46,87.8,4/1/2005 0:00
10415,32,95.95,5/9/2005 0:00
10106,34,100.0,2/17/2003 0:00
10120,24,100.0,4/29/2003 0:00
10131,40,100.0,6/16/2003 0:00
10143,26,82.77,8/10/2003 0:00
10155,20,100.0,10/6/2003 0:00
10168,31,100.0,10/28/2003 0:00
10178,22,87.75,11/8/2003 0:00
10198,42,100.0,11/27/2003 0:00
10210,26,99.72,1/12/2004 0:00
10222,37,87.75,2/19/2004 0:00
10235,38,88.75,4/2/2004 0:00
10250,35,100.0,5/11/2004 0:00
10262,33,90.75,6/24/2004 0:00
10275,39,100.0,7/23/2004 0:00
10284,45,100.0,8/21/2004 0:00
10296,24,100.0,9/15/2004 0:00
10308,35,88.75,10/15/2004 0:00
10316,23,100.0,11/1/2004 0:00
10328,37,100.0,11/12/2004 0:00
10340,55,87.75,11/24/2004 0:00
10352,49,100.0,12/3/2004 0:00
10361,26,100.0,12/17/2004 0:00
10375,33,100.0,2/3/2005 0:00
10386,37,83.84,3/1/2005 0:00
10398,22,86.76,3/30/2005 0:00
10401,85,88.75,4/3/2005 0:00
10416,22,100.0,5/10/2005 0:00
10105,31,65.77,2/11/2003 0:00
10119,38,65.77,4/28/2003 0:00
10129,45,85.29,6/12/2003 0:00
10143,31,85.29,8/10/2003 0:00
10154,36,64.33,10/2/2003 0:00
10167,46,70.11,10/23/2003 0:00
10177,32,76.62,11/7/2003 0:00
10185,39,57.82,11/14/2003 0:00
10197,50,78.79,11/26/2003 0:00
10208,46,74.45,1/2/2004 0:00
10222,36,80.95,2/19/2004 0:00
10233,29,82.4,3/29/2004 0:00
10248,32,75.89,5/7/2004 0:00
10261,44,68.67,6/17/2004 0:00
10273,42,62.16,7/21/2004 0:00
10283,47,65.77,8/20/2004 0:00
10295,44,58.55,9/10/2004 0:00
10306,43,75.17,10/14/2004 0:00
10316,48,74.45,11/1/2004 0:00
10327,21,96.31,11/10/2004 0:00
10339,50,74.35,11/23/2004 0:00
10350,29,75.35,12/2/2004 0:00
10373,41,70.33,1/31/2005 0:00
10386,37,100.0,3/1/2005 0:00
10397,22,66.5,3/28/2005 0:00
10414,31,75.89,5/6/2005 0:00
10103,42,100.0,1/29/2003 0:00
10114,42,100.0,4/1/2003 0:00
10126,45,100.0,5/28/2003 0:00
10140,36,100.0,7/24/2003 0:00
10150,20,100.0,9/19/2003 0:00
10164,39,81.93,10/21/2003 0:00
10175,42,85.98,11/6/2003 0:00
10183,23,86.99,11/13/2003 0:00
10194,26,89.01,11/25/2003 0:00
10206,33,100.0,12/5/2003 0:00
10217,31,88.0,2/4/2004 0:00
10229,50,100.0,3/11/2004 0:00
10245,44,100.0,5/4/2004 0:00
10258,45,80.92,6/15/2004 0:00
10270,46,88.0,7/19/2004 0:00
10281,27,85.98,8/19/2004 0:00
10291,28,100.0,9/8/2004 0:00
10304,40,100.0,10/11/2004 0:00
10313,30,99.13,10/22/2004 0:00
10324,34,100.0,11/5/2004 0:00
10336,46,100.0,11/20/2004 0:00
10348,32,82.83,11/1/2004 0:00
10358,27,100.0,12/10/2004 0:00
10371,34,100.0,1/23/2005 0:00
10382,34,54.84,2/17/2005 0:00
10411,34,100.0,5/1/2005 0:00
10424,46,80.92,5/31/2005 0:00
10106,32,100.0,2/17/2003 0:00
10120,24,100.0,4/29/2003 0:00
10133,27,99.67,6/27/2003 0:00
10145,20,100.0,8/25/2003 0:00
10168,36,100.0,10/28/2003 0:00
10188,29,100.0,11/18/2003 0:00
10210,25,100.0,1/12/2004 0:00
10223,29,100.0,2/20/2004 0:00
10235,25,96.11,4/2/2004 0:00
10250,44,100.0,5/11/2004 0:00
10263,47,100.0,6/28/2004 0:00
10275,48,100.0,7/23/2004 0:00
10285,45,100.0,8/27/2004 0:00
10297,35,100.0,9/16/2004 0:00
10308,31,100.0,10/15/2004 0:00
10318,50,100.0,11/2/2004 0:00
10328,33,100.0,11/12/2004 0:00
10340,29,100.0,11/24/2004 0:00
10353,48,68.8,12/4/2004 0:00
10361,44,72.42,12/17/2004 0:00
10375,25,66.73,2/3/2005 0:00
10388,50,100.0,3/3/2005 0:00
10398,23,100.0,3/30/2005 0:00
10401,21,96.11,4/3/2005 0:00
10416,41,100.0,5/10/2005 0:00
10106,44,74.4,2/17/2003 0:00
10120,43,76.0,4/29/2003 0:00
10143,28,96.0,8/10/2003 0:00
10155,43,86.4,10/6/2003 0:00
10168,48,96.0,10/28/2003 0:00
10199,38,82.4,12/1/2003 0:00
10210,31,86.4,1/12/2004 0:00
10223,26,67.2,2/20/2004 0:00
10235,32,92.0,4/2/2004 0:00
10250,44,67.2,5/11/2004 0:00
10262,27,76.0,6/24/2004 0:00
10275,43,73.6,7/23/2004 0:00
10284,25,69.6,8/21/2004 0:00
10296,22,80.8,9/15/2004 0:00
10308,21,87.2,10/15/2004 0:00
10316,48,75.2,11/1/2004 0:00
10328,33,64.0,11/12/2004 0:00
10341,34,100.0,11/24/2004 0:00
10353,43,81.95,12/4/2004 0:00
10361,44,100.0,12/17/2004 0:00
10375,44,100.0,2/3/2005 0:00
10386,32,94.34,3/1/2005 0:00
10398,29,65.6,3/30/2005 0:00
10401,77,92.0,4/3/2005 0:00
10416,39,67.2,5/10/2005 0:00
10105,39,81.14,2/11/2003 0:00
10118,36,100.0,4/21/2003 0:00
10129,42,91.15,6/12/2003 0:00
10142,21,100.0,8/8/2003 0:00
10153,50,88.15,9/28/2003 0:00
10167,24,100.0,10/23/2003 0:00
10177,44,92.16,11/7/2003 0:00
10185,37,100.0,11/14/2003 0:00
10197,27,92.16,11/26/2003 0:00
10208,37,100.0,1/2/2004 0:00
10222,38,100.0,2/19/2004 0:00
10232,48,96.16,3/20/2004 0:00
10248,30,100.0,5/7/2004 0:00
10261,25,88.15,6/17/2004 0:00
10273,40,86.15,7/21/2004 0:00
10283,22,88.15,8/20/2004 0:00
10295,34,100.0,9/10/2004 0:00
10306,32,90.15,10/14/2004 0:00
10315,31,86.15,10/29/2004 0:00
10327,43,80.0,11/10/2004 0:00
10337,31,89.38,11/21/2004 0:00
10350,31,77.34,12/2/2004 0:00
10373,34,96.34,1/31/2005 0:00
10386,45,92.08,3/1/2005 0:00
10397,48,100.0,3/28/2005 0:00
10414,28,100.0,5/6/2005 0:00
10105,22,100.0,2/11/2003 0:00
10117,45,83.42,4/16/2003 0:00
10129,30,85.41,6/12/2003 0:00
10142,38,85.41,8/8/2003 0:00
10153,20,100.0,9/28/2003 0:00
10167,28,100.0,10/23/2003 0:00
10177,24,100.0,11/7/2003 0:00
10185,22,79.45,11/14/2003 0:00
10197,35,93.35,11/26/2003 0:00
10208,33,85.41,1/2/2004 0:00
10222,31,95.34,2/19/2004 0:00
10232,35,82.43,3/20/2004 0:00
10248,35,90.37,5/7/2004 0:00
10261,50,81.43,6/17/2004 0:00
10273,26,100.0,7/21/2004 0:00
10283,38,89.38,8/20/2004 0:00
10294,45,100.0,9/10/2004 0:00
10306,30,100.0,10/14/2004 0:00
10315,37,91.37,10/29/2004 0:00
10327,37,86.61,11/10/2004 0:00
10337,36,71.89,11/21/2004 0:00
10350,25,100.0,12/2/2004 0:00
10373,37,100.0,1/31/2005 0:00
10386,30,95.48,3/1/2005 0:00
10397,36,100.0,3/28/2005 0:00
10414,27,90.37,5/6/2005 0:00
10106,48,61.44,2/17/2003 0:00
10119,26,59.22,4/28/2003 0:00
10131,26,85.13,6/16/2003 0:00
10143,34,85.87,8/10/2003 0:00
10155,44,85.87,10/6/2003 0:00
10168,39,82.91,10/28/2003 0:00
10178,45,76.25,11/8/2003 0:00
10198,40,63.67,11/27/2003 0:00
10210,42,70.33,1/12/2004 0:00
10222,43,74.03,2/19/2004 0:00
10235,34,72.55,4/2/2004 0:00
10250,38,62.19,5/11/2004 0:00
10262,35,71.07,6/24/2004 0:00
10275,31,72.55,7/23/2004 0:00
10284,32,64.41,8/21/2004 0:00
10296,47,86.62,9/15/2004 0:00
10308,39,68.11,10/15/2004 0:00
10316,44,62.19,11/1/2004 0:00
10328,39,85.87,11/12/2004 0:00
10339,50,57.86,11/23/2004 0:00
10352,22,75.51,12/3/2004 0:00
10361,35,100.0,12/17/2004 0:00
10373,45,55.62,1/31/2005 0:00
10386,44,86.4,3/1/2005 0:00
10398,36,87.36,3/30/2005 0:00
10401,28,72.55,4/3/2005 0:00
10416,43,62.19,5/10/2005 0:00
10106,48,52.64,2/17/2003 0:00
10119,28,48.17,4/28/2003 0:00
10131,21,41.71,6/16/2003 0:00
10143,37,50.65,8/10/2003 0:00
10155,34,49.16,10/6/2003 0:00
10167,40,41.71,10/23/2003 0:00
10178,45,51.15,11/8/2003 0:00
10186,28,52.14,11/14/2003 0:00
10197,29,41.71,11/26/2003 0:00
10209,48,44.69,1/9/2004 0:00
10222,31,45.69,2/19/2004 0:00
10249,32,57.61,5/8/2004 0:00
10262,21,57.11,6/24/2004 0:00
10274,32,58.6,7/21/2004 0:00
10283,43,57.61,8/20/2004 0:00
10296,21,45.19,9/15/2004 0:00
10307,34,53.63,10/14/2004 0:00
10316,34,43.7,11/1/2004 0:00
10329,44,86.13,11/15/2004 0:00
10339,27,76.31,11/23/2004 0:00
10352,49,52.64,12/3/2004 0:00
10361,23,95.2,12/17/2004 0:00
10373,25,64.97,1/31/2005 0:00
10386,50,87.15,3/1/2005 0:00
10398,34,40.22,3/30/2005 0:00
10400,20,56.12,4/1/2005 0:00
10415,42,57.61,5/9/2005 0:00
10105,25,56.78,2/11/2003 0:00
10117,50,43.68,4/16/2003 0:00
10129,32,64.97,6/12/2003 0:00
10142,39,44.23,8/8/2003 0:00
10153,50,60.06,9/28/2003 0:00
10167,38,48.59,10/23/2003 0:00
10177,40,50.23,11/7/2003 0:00
10185,28,64.43,11/14/2003 0:00
10197,42,50.23,11/26/2003 0:00
10208,42,63.88,1/2/2004 0:00
10222,36,63.34,2/19/2004 0:00
10232,24,49.69,3/20/2004 0:00
10248,23,65.52,5/7/2004 0:00
10261,29,50.78,6/17/2004 0:00
10273,37,45.86,7/21/2004 0:00
10283,33,51.32,8/20/2004 0:00
10293,32,60.06,9/9/2004 0:00
10306,35,59.51,10/14/2004 0:00
10315,40,55.69,10/29/2004 0:00
10327,37,86.74,11/10/2004 0:00
10337,42,97.16,11/21/2004 0:00
10350,20,100.0,12/2/2004 0:00
10373,29,100.0,1/31/2005 0:00
10386,43,100.0,3/1/2005 0:00
10397,34,62.24,3/28/2005 0:00
10414,47,65.52,5/6/2005 0:00
